{
    "name": "root",
    "metadata": {
        "timer_format_version": "0.1.0",
        "start_time_seconds": "1605598574",
        "python_version": "3.7.9 (tags/v3.7.9:13c94747c7, Aug 17 2020, 18:58:18) [MSC v.1900 64 bit (AMD64)]",
        "command_line_arguments": "C:\\Python37\\Scripts\\mlagents-learn jumper.yml --run-id Jumper-23",
        "mlagents_version": "0.21.0",
        "mlagents_envs_version": "0.21.0",
        "communication_protocol_version": "1.2.0",
        "tensorflow_version": "2.3.1",
        "numpy_version": "1.18.5",
        "end_time_seconds": "1605598660"
    },
    "total": 85.8213996,
    "count": 1,
    "self": 0.007348100000001523,
    "children": {
        "run_training.setup": {
            "total": 0.007125199999999943,
            "count": 1,
            "self": 0.007125199999999943
        },
        "TrainerController.start_learning": {
            "total": 85.8069263,
            "count": 1,
            "self": 1.3113979000001876,
            "children": {
                "TrainerController._reset_env": {
                    "total": 4.983575399999999,
                    "count": 1,
                    "self": 4.983575399999999
                },
                "TrainerController.advance": {
                    "total": 79.09822739999983,
                    "count": 9809,
                    "self": 0.15291180000012616,
                    "children": {
                        "env_step": {
                            "total": 78.9453155999997,
                            "count": 9809,
                            "self": 70.82371909999944,
                            "children": {
                                "SubprocessEnvManager._take_step": {
                                    "total": 7.978357700000437,
                                    "count": 9809,
                                    "self": 0.2741040999995228,
                                    "children": {
                                        "TFPolicy.evaluate": {
                                            "total": 7.704253600000914,
                                            "count": 9717,
                                            "self": 7.704253600000914
                                        }
                                    }
                                },
                                "workers": {
                                    "total": 0.1432387999998337,
                                    "count": 9808,
                                    "self": 0.0,
                                    "children": {
                                        "worker_root": {
                                            "total": 80.57477160000013,
                                            "count": 9808,
                                            "is_parallel": true,
                                            "self": 19.674816800000087,
                                            "children": {
                                                "steps_from_proto": {
                                                    "total": 0.00035699999999971865,
                                                    "count": 1,
                                                    "is_parallel": true,
                                                    "self": 0.00016129999999980882,
                                                    "children": {
                                                        "_process_vector_observation": {
                                                            "total": 0.00019569999999990983,
                                                            "count": 4,
                                                            "is_parallel": true,
                                                            "self": 0.00019569999999990983
                                                        }
                                                    }
                                                },
                                                "UnityEnvironment.step": {
                                                    "total": 60.899597800000045,
                                                    "count": 9808,
                                                    "is_parallel": true,
                                                    "self": 0.9855674999995401,
                                                    "children": {
                                                        "UnityEnvironment._generate_step_input": {
                                                            "total": 0.6793059000001254,
                                                            "count": 9808,
                                                            "is_parallel": true,
                                                            "self": 0.6793059000001254
                                                        },
                                                        "communicator.exchange": {
                                                            "total": 55.887140800000054,
                                                            "count": 9808,
                                                            "is_parallel": true,
                                                            "self": 55.887140800000054
                                                        },
                                                        "steps_from_proto": {
                                                            "total": 3.347583600000327,
                                                            "count": 9808,
                                                            "is_parallel": true,
                                                            "self": 1.6662609000001103,
                                                            "children": {
                                                                "_process_vector_observation": {
                                                                    "total": 1.6813227000002167,
                                                                    "count": 39232,
                                                                    "is_parallel": true,
                                                                    "self": 1.6813227000002167
                                                                }
                                                            }
                                                        }
                                                    }
                                                }
                                            }
                                        }
                                    }
                                }
                            }
                        }
                    }
                },
                "trainer_threads": {
                    "total": 2.13999999942871e-05,
                    "count": 1,
                    "self": 2.13999999942871e-05,
                    "children": {
                        "thread_root": {
                            "total": 0.0,
                            "count": 0,
                            "is_parallel": true,
                            "self": 0.0,
                            "children": {
                                "trainer_advance": {
                                    "total": 76.5015304000012,
                                    "count": 38852,
                                    "is_parallel": true,
                                    "self": 1.5890486000035082,
                                    "children": {
                                        "process_trajectory": {
                                            "total": 74.91248179999769,
                                            "count": 38853,
                                            "is_parallel": true,