{
    "name": "root",
    "metadata": {
        "timer_format_version": "0.1.0",
        "start_time_seconds": "1605554283",
        "python_version": "3.7.9 (tags/v3.7.9:13c94747c7, Aug 17 2020, 18:58:18) [MSC v.1900 64 bit (AMD64)]",
        "command_line_arguments": "C:\\Python37\\Scripts\\mlagents-learn jumper.yml --run-id Jumper-01",
        "mlagents_version": "0.21.0",
        "mlagents_envs_version": "0.21.0",
        "communication_protocol_version": "1.2.0",
        "tensorflow_version": "2.3.1",
        "numpy_version": "1.18.5",
        "end_time_seconds": "1605554312"
    },
    "total": 28.786751600000002,
    "count": 1,
    "self": 0.013017300000001342,
    "children": {
        "run_training.setup": {
            "total": 0.02463569999999926,
            "count": 1,
            "self": 0.02463569999999926
        },
        "TrainerController.start_learning": {
            "total": 28.749098600000004,
            "count": 1,
            "self": 0.05284470000003694,
            "children": {
                "TrainerController._reset_env": {
                    "total": 9.8386771,
                    "count": 1,
                    "self": 9.8386771
                },
                "TrainerController.advance": {
                    "total": 18.211753499999972,
                    "count": 934,
                    "self": 0.02383599999997088,
                    "children": {
                        "env_step": {
                            "total": 18.1879175,
                            "count": 934,
                            "self": 16.819997300000022,
                            "children": {
                                "SubprocessEnvManager._take_step": {
                                    "total": 1.3453833999999496,
                                    "count": 934,
                                    "self": 0.050466799999988154,
                                    "children": {
                                        "TFPolicy.evaluate": {
                                            "total": 1.2949165999999614,
                                            "count": 934,
                                            "self": 1.2949165999999614
                                        }
                                    }
                                },
                                "workers": {
                                    "total": 0.022536800000029444,
                                    "count": 933,
                                    "self": 0.0,
                                    "children": {
                                        "worker_root": {
                                            "total": 19.828183000000017,
                                            "count": 933,
                                            "is_parallel": true,
                                            "self": 4.74154349999999,
                                            "children": {
                                                "steps_from_proto": {
                                                    "total": 0.002802199999999644,
                                                    "count": 1,
                                                    "is_parallel": true,
                                                    "self": 0.001139700000001298,
                                                    "children": {
                                                        "_process_vector_observation": {
                                                            "total": 0.0016624999999983459,
                                                            "count": 4,
                                                            "is_parallel": true,
                                                            "self": 0.0016624999999983459
                                                        }
                                                    }
                                                },
                                                "UnityEnvironment.step": {
                                                    "total": 15.083837300000027,
                                                    "count": 933,
                                                    "is_parallel": true,
                                                    "self": 0.16508130000005217,
                                                    "children": {
                                                        "UnityEnvironment._generate_step_input": {
                                                            "total": 0.12787830000003098,
                                                            "count": 933,
                                                            "is_parallel": true,
                                                            "self": 0.12787830000003098
                                                        },
                                                        "communicator.exchange": {
                                                            "total": 14.24979179999994,
                                                            "count": 933,
                                                            "is_parallel": true,
                                                            "self": 14.24979179999994
                                                        },
                                                        "steps_from_proto": {
                                                            "total": 0.5410859000000041,
                                                            "count": 933,
                                                            "is_parallel": true,
                                                            "self": 0.26855029999998337,
                                                            "children": {
                                                                "_process_vector_observation": {
                                                                    "total": 0.27253560000002075,
                                                                    "count": 3732,
                                                                    "is_parallel": true,
                                                                    "self": 0.27253560000002075
                                                                }
                                                            }
                                                        }
                                                    }
                                                }
                                            }
                                        }
                                    }
                                }
                            }
                        }
                    }
                },
                "trainer_threads": {
                    "total": 2.829999999676147e-05,
                    "count": 1,
                    "self": 2.829999999676147e-05,
                    "children": {
                        "thread_root": {
                            "total": 0.0,
                            "count": 0,
                            "is_parallel": true,
                            "self": 0.0,
                            "children": {
                                "trainer_advance": {
                                    "total": 17.922776399999908,
                                    "count": 8844,
                                    "is_parallel": true,
                                    "self": 0.638868500000271,
                                    "children": {
                                        "process_trajectory": {
                                            "total": 17.283907899999637,
                                            "count": 8844,
                                            "is_parallel": true,