{
    "name": "root",
    "gauges": {
        "Jumper.Policy.Entropy.mean": {
            "value": 0.3436011075973511,
            "min": 0.3436011075973511,
            "max": 0.6927308440208435,
            "count": 10
        },
        "Jumper.Environment.EpisodeLength.mean": {
            "value": 35.8544776119403,
            "min": 34.2,
            "max": 40.27235772357724,
            "count": 10
        },
        "Jumper.Policy.ExtrinsicValueEstimate.mean": {
            "value": -0.042331237345933914,
            "min": -0.36720940470695496,
            "max": -0.042331237345933914,
            "count": 10
        },
        "Jumper.Policy.CuriosityValueEstimate.mean": {
            "value": -0.05869316682219505,
            "min": -0.17072440683841705,
            "max": -0.05869316682219505,
            "count": 10
        },
        "Jumper.Environment.CumulativeReward.mean": {
            "value": 0.3659327057982559,
            "min": -0.5362916911641756,
            "max": 0.3659327057982559,
            "count": 10
        },
        "Jumper.Policy.ExtrinsicReward.mean": {
            "value": 0.3659327057982559,
            "min": -0.5362916911641756,
            "max": 0.3659327057982559,
            "count": 10
        },
        "Jumper.Policy.CuriosityReward.mean": {
            "value": 0.005597794532937471,
            "min": 6.168602073254684e-05,
            "max": 0.008551043870158117,
            "count": 10
        },
        "Jumper.Losses.ValueLoss.mean": {
            "value": 0.09972294420003891,
            "min": 0.040740348398685455,
            "max": 0.09972294420003891,
            "count": 10
        },
        "Jumper.Losses.PolicyLoss.mean": {
            "value": 0.1430976390838623,
            "min": 0.1372503787279129,
            "max": 0.14933431148529053,
            "count": 10
        },
        "Jumper.Policy.LearningRate.mean": {
            "value": 0.00029999998514540493,
            "min": 0.00029999998514540493,
            "max": 0.0003000000142492354,
            "count": 10
        },
        "Jumper.Policy.Epsilon.mean": {
            "value": 0.20000003278255463,
            "min": 0.20000003278255463,
            "max": 0.20000004768371582,
            "count": 10
        },
        "Jumper.Policy.Beta.mean": {
            "value": 0.004999999422580004,
            "min": 0.004999999422580004,
            "max": 0.004999999888241291,
            "count": 10
        },
        "Jumper.Losses.CuriosityForwardLoss.mean": {
            "value": 0.007991420105099678,
            "min": 0.007991420105099678,
            "max": 0.0402957908809185,
            "count": 10
        },
        "Jumper.Losses.CuriosityInverseLoss.mean": {
            "value": 0.35534098744392395,
            "min": 0.35534098744392395,
            "max": 0.6941640377044678,
            "count": 10
        },
        "Jumper.IsTraining.mean": {
            "value": 1.0,
            "min": 1.0,
            "max": 1.0,
            "count": 10
        }
    },
    "metadata": {
        "timer_format_version": "0.1.0",
        "start_time_seconds": "1605609900",
        "python_version": "3.7.9 (tags/v3.7.9:13c94747c7, Aug 17 2020, 18:58:18) [MSC v.1900 64 bit (AMD64)]",
        "command_line_arguments": "C:\\Python37\\Scripts\\mlagents-learn jumper.yml --run-id Jumper-32",
        "mlagents_version": "0.21.0",
        "mlagents_envs_version": "0.21.0",
        "communication_protocol_version": "1.2.0",
        "tensorflow_version": "2.3.1",
        "numpy_version": "1.18.5",
        "end_time_seconds": "1605610348"
    },
    "total": 447.8535559,
    "count": 1,
    "self": 0.007388499999990472,
    "children": {
        "run_training.setup": {
            "total": 0.015775300000000048,
            "count": 1,
            "self": 0.015775300000000048
        },
        "TrainerController.start_learning": {
            "total": 447.83039210000004,
            "count": 1,
            "self": 0.7716417999978944,
            "children": {
                "TrainerController._reset_env": {
                    "total": 10.6094276,
                    "count": 1,
                    "self": 10.6094276
                },
                "TrainerController.advance": {
                    "total": 435.9504620000022,
                    "count": 14362,
                    "self": 0.3898260000005962,
                    "children": {
                        "env_step": {
                            "total": 435.5606360000016,
                            "count": 14362,
                            "self": 415.15368300000097,
                            "children": {
                                "SubprocessEnvManager._take_step": {
                                    "total": 20.053072000003553,
                                    "count": 14362,
                                    "self": 0.7796057000030814,
                                    "children": {
                                        "TFPolicy.evaluate": {
                                            "total": 19.27346630000047,
                                            "count": 12717,
                                            "self": 19.27346630000047
                                        }
                                    }
                                },
                                "workers": {
                                    "total": 0.3538809999970507,
                                    "count": 14361,
                                    "self": 0.0,
                                    "children": {
                                        "worker_root": {
                                            "total": 438.2908698000013,
                                            "count": 14361,
                                            "is_parallel": true,
                                            "self": 76.50333680000318,
                                            "children": {
                                                "steps_from_proto": {
                                                    "total": 0.0005225000000006474,
                                                    "count": 1,
                                                    "is_parallel": true,
                                                    "self": 0.00019220000000075288,
                                                    "children": {
                                                        "_process_vector_observation": {
                                                            "total": 0.00033029999999989457,
                                                            "count": 4,
                                                            "is_parallel": true,
                                                            "self": 0.00033029999999989457
                                                        }
                                                    }
                                                },
                                                "UnityEnvironment.step": {
                                                    "total": 361.78701049999813,
                                                    "count": 14361,
                                                    "is_parallel": true,
                                                    "self": 3.2648650999931874,
                                                    "children": {
                                                        "UnityEnvironment._generate_step_input": {
                                                            "total": 2.657663700002626,
                                                            "count": 14361,
                                                            "is_parallel": true,
                                                            "self": 2.657663700002626
                                                        },