{
    "name": "root",
    "gauges": {
        "Jumper.Policy.Entropy.mean": {
            "value": 1.7912273406982422,
            "min": 1.7912273406982422,
            "max": 1.7912273406982422,
            "count": 1
        },
        "Jumper.Environment.EpisodeLength.mean": {
            "value": 21.222958057395143,
            "min": 21.222958057395143,
            "max": 21.222958057395143,
            "count": 1
        },
        "Jumper.Policy.ExtrinsicValueEstimate.mean": {
            "value": 0.14974696934223175,
            "min": 0.14974696934223175,
            "max": 0.14974696934223175,
            "count": 1
        },
        "Jumper.Policy.CuriosityValueEstimate.mean": {
            "value": -0.18910440802574158,
            "min": -0.18910440802574158,
            "max": -0.18910440802574158,
            "count": 1
        },
        "Jumper.Environment.CumulativeReward.mean": {
            "value": -0.9747193756291357,
            "min": -0.9747193756291357,
            "max": -0.9747193756291357,
            "count": 1
        },
        "Jumper.Policy.ExtrinsicReward.mean": {
            "value": -0.9747193756291357,
            "min": -0.9747193756291357,
            "max": -0.9747193756291357,
            "count": 1
        },
        "Jumper.Policy.CuriosityReward.mean": {
            "value": 0.00031757125094790167,
            "min": 0.00031757125094790167,
            "max": 0.00031757125094790167,
            "count": 1
        },
        "Jumper.Losses.ValueLoss.mean": {
            "value": 0.14364735782146454,
            "min": 0.14364735782146454,
            "max": 0.14364735782146454,
            "count": 1
        },
        "Jumper.Losses.PolicyLoss.mean": {
            "value": 0.1458771973848343,
            "min": 0.1458771973848343,
            "max": 0.1458771973848343,
            "count": 1
        },
        "Jumper.Policy.LearningRate.mean": {
            "value": 0.00029999998514540493,
            "min": 0.00029999998514540493,
            "max": 0.00029999998514540493,
            "count": 1
        },
        "Jumper.Policy.Epsilon.mean": {
            "value": 0.20000003278255463,
            "min": 0.20000003278255463,
            "max": 0.20000003278255463,
            "count": 1
        },
        "Jumper.Policy.Beta.mean": {
            "value": 0.004999999422580004,
            "min": 0.004999999422580004,
            "max": 0.004999999422580004,
            "count": 1
        },
        "Jumper.Losses.CuriosityForwardLoss.mean": {
            "value": 0.07173269987106323,
            "min": 0.07173269987106323,
            "max": 0.07173269987106323,
            "count": 1
        },
        "Jumper.Losses.CuriosityInverseLoss.mean": {
            "value": 1.7932878732681274,
            "min": 1.7932878732681274,
            "max": 1.7932878732681274,
            "count": 1
        },
        "Jumper.IsTraining.mean": {
            "value": 1.0,
            "min": 1.0,
            "max": 1.0,
            "count": 1
        }
    },
    "metadata": {
        "timer_format_version": "0.1.0",
        "start_time_seconds": "1606134133",
        "python_version": "3.7.9 (tags/v3.7.9:13c94747c7, Aug 17 2020, 18:58:18) [MSC v.1900 64 bit (AMD64)]",
        "command_line_arguments": "C:\\Python37\\Scripts\\mlagents-learn jumper.yml --run-id JumperLinksEnRechtsEnNaarBoven-01",
        "mlagents_version": "0.21.0",
        "mlagents_envs_version": "0.21.0",
        "communication_protocol_version": "1.2.0",
        "tensorflow_version": "2.3.1",
        "numpy_version": "1.18.5",
        "end_time_seconds": "1606134185"
    },
    "total": 51.601909400000004,
    "count": 1,
    "self": 0.006257900000008476,
    "children": {
        "run_training.setup": {
            "total": 0.012458200000000197,
            "count": 1,
            "self": 0.012458200000000197
        },
        "TrainerController.start_learning": {
            "total": 51.5831933,
            "count": 1,
            "self": 0.10471780000000308,
            "children": {
                "TrainerController._reset_env": {
                    "total": 6.6063163,
                    "count": 1,
                    "self": 6.6063163
                },
                "TrainerController.advance": {
                    "total": 44.03595369999999,
                    "count": 2656,
                    "self": 0.05279769999977901,
                    "children": {
                        "env_step": {
                            "total": 43.983156000000214,
                            "count": 2656,
                            "self": 41.19597210000012,
                            "children": {
                                "SubprocessEnvManager._take_step": {
                                    "total": 2.7381476000000795,
                                    "count": 2656,
                                    "self": 0.09175490000008146,
                                    "children": {
                                        "TFPolicy.evaluate": {
                                            "total": 2.646392699999998,
                                            "count": 2057,
                                            "self": 2.646392699999998
                                        }
                                    }
                                },
                                "workers": {
                                    "total": 0.049036300000013355,
                                    "count": 2655,
                                    "self": 0.0,
                                    "children": {
                                        "worker_root": {
                                            "total": 46.19858709999998,
                                            "count": 2655,
                                            "is_parallel": true,
                                            "self": 11.506840099999856,
                                            "children": {
                                                "steps_from_proto": {
                                                    "total": 0.0036156000000007182,
                                                    "count": 1,
                                                    "is_parallel": true,
                                                    "self": 0.001230100000001677,
                                                    "children": {
                                                        "_process_vector_observation": {
                                                            "total": 0.002385499999999041,
                                                            "count": 6,
                                                            "is_parallel": true,
                                                            "self": 0.002385499999999041
                                                        }
                                                    }
                                                },
                                                "UnityEnvironment.step": {
                                                    "total": 34.688131400000124,
                                                    "count": 2655,
                                                    "is_parallel": true,
                                                    "self": 0.5013253000001967,
                                                    "children": {
                                                        "UnityEnvironment._generate_step_input": {
                                                            "total": 0.3451443999999215,
                                                            "count": 2655,
                                                            "is_parallel": true,
                                                            "self": 0.3451443999999215
                                                        },