{
    "name": "root",
    "gauges": {
        "Jumper.Policy.Entropy.mean": {
            "value": 0.5270810723304749,
            "min": 0.48295074701309204,
            "max": 0.6929765343666077,
            "count": 68
        },
        "Jumper.Environment.EpisodeLength.mean": {
            "value": 56.917159763313606,
            "min": 52.160427807486634,
            "max": 69.21428571428571,
            "count": 68
        },
        "Jumper.Policy.ExtrinsicValueEstimate.mean": {
            "value": -0.4703526794910431,
            "min": -0.5003849864006042,
            "max": 0.17955246567726135,
            "count": 68
        },
        "Jumper.Policy.CuriosityValueEstimate.mean": {
            "value": 0.012500457465648651,
            "min": -0.023771442472934723,
            "max": 0.02090015448629856,
            "count": 68
        },
        "Jumper.Environment.CumulativeReward.mean": {
            "value": -0.7124260191381331,
            "min": -0.7361443689800201,
            "max": -0.6501678178360412,
            "count": 68
        },
        "Jumper.Policy.ExtrinsicReward.mean": {
            "value": -0.7124260191381331,
            "min": -0.7361443689800201,
            "max": -0.6501678178360412,
            "count": 68
        },
        "Jumper.Policy.CuriosityReward.mean": {
            "value": 0.007743685261877717,
            "min": 0.00022275622300130417,
            "max": 0.016211590420767422,
            "count": 68
        },
        "Jumper.Losses.ValueLoss.mean": {
            "value": 0.0164958406239748,
            "min": 0.014660196378827095,
            "max": 0.062224920839071274,
            "count": 68
        },
        "Jumper.Losses.PolicyLoss.mean": {
            "value": 0.14419357478618622,
            "min": 0.1339597851037979,
            "max": 0.151405930519104,
            "count": 68
        },
        "Jumper.Policy.LearningRate.mean": {
            "value": 0.0003000000142492354,
            "min": 0.00029999998514540493,
            "max": 0.0003000000142492354,
            "count": 68
        },
        "Jumper.Policy.Epsilon.mean": {
            "value": 0.20000004768371582,
            "min": 0.20000003278255463,
            "max": 0.20000004768371582,
            "count": 68
        },
        "Jumper.Policy.Beta.mean": {
            "value": 0.004999999422580004,
            "min": 0.004999999422580004,
            "max": 0.004999999888241291,
            "count": 68
        },
        "Jumper.Losses.CuriosityForwardLoss.mean": {
            "value": 0.006732572801411152,
            "min": 0.00618442427366972,
            "max": 0.048389069736003876,
            "count": 68
        },
        "Jumper.Losses.CuriosityInverseLoss.mean": {
            "value": 0.5169166326522827,
            "min": 0.46220821142196655,
            "max": 0.6935718655586243,
            "count": 68
        },
        "Jumper.IsTraining.mean": {
            "value": 1.0,
            "min": 1.0,
            "max": 1.0,
            "count": 68
        }
    },
    "metadata": {
        "timer_format_version": "0.1.0",
        "start_time_seconds": "1605602171",
        "python_version": "3.7.9 (tags/v3.7.9:13c94747c7, Aug 17 2020, 18:58:18) [MSC v.1900 64 bit (AMD64)]",
        "command_line_arguments": "C:\\Python37\\Scripts\\mlagents-learn jumper.yml --run-id Jumper-28",
        "mlagents_version": "0.21.0",
        "mlagents_envs_version": "0.21.0",
        "communication_protocol_version": "1.2.0",
        "tensorflow_version": "2.3.1",
        "numpy_version": "1.18.5",
        "end_time_seconds": "1605603636"
    },
    "total": 1465.3399479,
    "count": 1,
    "self": 0.0071314999997866835,
    "children": {
        "run_training.setup": {
            "total": 0.007256300000000326,
            "count": 1,
            "self": 0.007256300000000326
        },
        "TrainerController.start_learning": {
            "total": 1465.3255601,
            "count": 1,
            "self": 2.9498955999888494,
            "children": {
                "TrainerController._reset_env": {
                    "total": 4.2654607,
                    "count": 1,
                    "self": 4.2654607
                },
                "TrainerController.advance": {
                    "total": 1457.6952405000113,
                    "count": 93917,
                    "self": 1.504560799982528,
                    "children": {
                        "env_step": {
                            "total": 1456.1906797000288,
                            "count": 93917,
                            "self": 1374.14428100006,
                            "children": {
                                "SubprocessEnvManager._take_step": {
                                    "total": 80.57577549998518,
                                    "count": 93917,
                                    "self": 2.8089144999611193,
                                    "children": {
                                        "TFPolicy.evaluate": {
                                            "total": 77.76686100002406,
                                            "count": 85194,
                                            "self": 77.76686100002406
                                        }
                                    }
                                },
                                "workers": {
                                    "total": 1.470623199983752,
                                    "count": 93916,
                                    "self": 0.0,
                                    "children": {
                                        "worker_root": {
                                            "total": 1459.2463206999869,
                                            "count": 93916,
                                            "is_parallel": true,
                                            "self": 279.2416921000174,
                                            "children": {
                                                "steps_from_proto": {
                                                    "total": 0.0004873999999999157,
                                                    "count": 1,
                                                    "is_parallel": true,
                                                    "self": 0.0001757000000002229,
                                                    "children": {
                                                        "_process_vector_observation": {
                                                            "total": 0.0003116999999996928,
                                                            "count": 4,
                                                            "is_parallel": true,
                                                            "self": 0.0003116999999996928
                                                        }
                                                    }
                                                },
                                                "UnityEnvironment.step": {
                                                    "total": 1180.0041411999694,
                                                    "count": 93916,
                                                    "is_parallel": true,
                                                    "self": 12.815279500016459,
                                                    "children": {
                                                        "UnityEnvironment._generate_step_input": {
                                                            "total": 10.601027099984087,
                                                            "count": 93916,
                                                            "is_parallel": true,
                                                            "self": 10.601027099984087
                                                        },