{
    "name": "root",
    "metadata": {
        "timer_format_version": "0.1.0",
        "start_time_seconds": "1605554534",
        "python_version": "3.7.9 (tags/v3.7.9:13c94747c7, Aug 17 2020, 18:58:18) [MSC v.1900 64 bit (AMD64)]",
        "command_line_arguments": "C:\\Python37\\Scripts\\mlagents-learn jumper.yml --run-id Jumper-02",
        "mlagents_version": "0.21.0",
        "mlagents_envs_version": "0.21.0",
        "communication_protocol_version": "1.2.0",
        "tensorflow_version": "2.3.1",
        "numpy_version": "1.18.5",
        "end_time_seconds": "1605554574"
    },
    "total": 39.9581705,
    "count": 1,
    "self": 0.014596400000002063,
    "children": {
        "run_training.setup": {
            "total": 0.0187678,
            "count": 1,
            "self": 0.0187678
        },
        "TrainerController.start_learning": {
            "total": 39.9248063,
            "count": 1,
            "self": 0.06812609999984431,
            "children": {
                "TrainerController._reset_env": {
                    "total": 20.5459394,
                    "count": 1,
                    "self": 20.5459394
                },
                "TrainerController.advance": {
                    "total": 18.63308240000016,
                    "count": 931,
                    "self": 0.034064000000061156,
                    "children": {
                        "env_step": {
                            "total": 18.599018400000098,
                            "count": 931,
                            "self": 16.98116720000008,
                            "children": {
                                "SubprocessEnvManager._take_step": {
                                    "total": 1.5929786999999322,
                                    "count": 931,
                                    "self": 0.06207749999999024,
                                    "children": {
                                        "TFPolicy.evaluate": {
                                            "total": 1.530901199999942,
                                            "count": 931,
                                            "self": 1.530901199999942
                                        }
                                    }
                                },
                                "workers": {
                                    "total": 0.024872500000086006,
                                    "count": 930,
                                    "self": 0.0,
                                    "children": {
                                        "worker_root": {
                                            "total": 20.489129299999945,
                                            "count": 930,
                                            "is_parallel": true,
                                            "self": 5.494911900000034,
                                            "children": {
                                                "steps_from_proto": {
                                                    "total": 0.0011177000000017756,
                                                    "count": 1,
                                                    "is_parallel": true,
                                                    "self": 0.0006161000000055594,
                                                    "children": {
                                                        "_process_vector_observation": {
                                                            "total": 0.0005015999999962162,
                                                            "count": 4,
                                                            "is_parallel": true,
                                                            "self": 0.0005015999999962162
                                                        }
                                                    }
                                                },
                                                "UnityEnvironment.step": {
                                                    "total": 14.99309969999991,
                                                    "count": 930,
                                                    "is_parallel": true,
                                                    "self": 0.18650869999994413,
                                                    "children": {
                                                        "UnityEnvironment._generate_step_input": {
                                                            "total": 0.14691690000002922,
                                                            "count": 930,
                                                            "is_parallel": true,
                                                            "self": 0.14691690000002922
                                                        },
                                                        "communicator.exchange": {
                                                            "total": 14.063148200000025,
                                                            "count": 930,
                                                            "is_parallel": true,
                                                            "self": 14.063148200000025
                                                        },
                                                        "steps_from_proto": {
                                                            "total": 0.5965258999999108,
                                                            "count": 930,
                                                            "is_parallel": true,
                                                            "self": 0.3035180999996392,
                                                            "children": {
                                                                "_process_vector_observation": {
                                                                    "total": 0.2930078000002716,
                                                                    "count": 3720,
                                                                    "is_parallel": true,
                                                                    "self": 0.2930078000002716
                                                                }
                                                            }
                                                        }
                                                    }
                                                }
                                            }
                                        }
                                    }
                                }
                            }
                        }
                    }
                },
                "trainer_threads": {
                    "total": 0.00011539999999854444,
                    "count": 1,
                    "self": 0.00011539999999854444,
                    "children": {
                        "thread_root": {
                            "total": 0.0,
                            "count": 0,
                            "is_parallel": true,
                            "self": 0.0,
                            "children": {
                                "trainer_advance": {
                                    "total": 18.311260300000257,
                                    "count": 8906,
                                    "is_parallel": true,
                                    "self": 0.7175764000001799,
                                    "children": {
                                        "process_trajectory": {
                                            "total": 17.593683900000077,
                                            "count": 8906,
                                            "is_parallel": true,