{
    "name": "root",
    "metadata": {
        "timer_format_version": "0.1.0",
        "start_time_seconds": "1605559356",
        "python_version": "3.7.9 (tags/v3.7.9:13c94747c7, Aug 17 2020, 18:58:18) [MSC v.1900 64 bit (AMD64)]",
        "command_line_arguments": "C:\\Python37\\Scripts\\mlagents-learn jumper.yml --run-id Jumper-19",
        "mlagents_version": "0.21.0",
        "mlagents_envs_version": "0.21.0",
        "communication_protocol_version": "1.2.0",
        "tensorflow_version": "2.3.1",
        "numpy_version": "1.18.5",
        "end_time_seconds": "1605559439"
    },
    "total": 83.3785498,
    "count": 1,
    "self": 0.02280239999998912,
    "children": {
        "run_training.setup": {
            "total": 0.019924300000000006,
            "count": 1,
            "self": 0.019924300000000006
        },
        "TrainerController.start_learning": {
            "total": 83.33582310000001,
            "count": 1,
            "self": 0.2160200000004835,
            "children": {
                "TrainerController._reset_env": {
                    "total": 26.7478063,
                    "count": 1,
                    "self": 26.7478063
                },
                "TrainerController.advance": {
                    "total": 55.56038929999953,
                    "count": 4070,
                    "self": 0.10379479999946284,
                    "children": {
                        "env_step": {
                            "total": 55.456594500000065,
                            "count": 4070,
                            "self": 50.12954880000029,
                            "children": {
                                "SubprocessEnvManager._take_step": {
                                    "total": 5.233701599999712,
                                    "count": 4070,
                                    "self": 0.20987040000023782,
                                    "children": {
                                        "TFPolicy.evaluate": {
                                            "total": 5.023831199999474,
                                            "count": 4009,
                                            "self": 5.023831199999474
                                        }
                                    }
                                },
                                "workers": {
                                    "total": 0.09334410000005988,
                                    "count": 4069,
                                    "self": 0.0,
                                    "children": {
                                        "worker_root": {
                                            "total": 57.94448580000019,
                                            "count": 4069,
                                            "is_parallel": true,
                                            "self": 14.499234800000188,
                                            "children": {
                                                "steps_from_proto": {
                                                    "total": 0.0007285999999986359,
                                                    "count": 1,
                                                    "is_parallel": true,
                                                    "self": 0.0003151000000016779,
                                                    "children": {
                                                        "_process_vector_observation": {
                                                            "total": 0.00041349999999695797,
                                                            "count": 4,
                                                            "is_parallel": true,
                                                            "self": 0.00041349999999695797
                                                        }
                                                    }
                                                },
                                                "UnityEnvironment.step": {
                                                    "total": 43.444522400000004,
                                                    "count": 4069,
                                                    "is_parallel": true,
                                                    "self": 0.6761555000004549,
                                                    "children": {
                                                        "UnityEnvironment._generate_step_input": {
                                                            "total": 0.48371249999980037,
                                                            "count": 4069,
                                                            "is_parallel": true,
                                                            "self": 0.48371249999980037
                                                        },
                                                        "communicator.exchange": {
                                                            "total": 40.075082199999926,
                                                            "count": 4069,
                                                            "is_parallel": true,
                                                            "self": 40.075082199999926
                                                        },
                                                        "steps_from_proto": {
                                                            "total": 2.209572199999826,
                                                            "count": 4069,
                                                            "is_parallel": true,
                                                            "self": 1.1001166000001597,
                                                            "children": {
                                                                "_process_vector_observation": {
                                                                    "total": 1.1094555999996665,
                                                                    "count": 16276,
                                                                    "is_parallel": true,
                                                                    "self": 1.1094555999996665
                                                                }
                                                            }
                                                        }
                                                    }
                                                }
                                            }
                                        }
                                    }
                                }
                            }
                        }
                    }
                },
                "trainer_threads": {
                    "total": 2.1700000004898357e-05,
                    "count": 1,
                    "self": 2.1700000004898357e-05,
                    "children": {
                        "thread_root": {
                            "total": 0.0,
                            "count": 0,
                            "is_parallel": true,
                            "self": 0.0,
                            "children": {
                                "trainer_advance": {
                                    "total": 54.72919230000146,
                                    "count": 25645,
                                    "is_parallel": true,
                                    "self": 1.9677103000022242,
                                    "children": {
                                        "process_trajectory": {
                                            "total": 52.76148199999923,
                                            "count": 25645,
                                            "is_parallel": true,