{
    "name": "root",
    "metadata": {
        "timer_format_version": "0.1.0",
        "start_time_seconds": "1605598551",
        "python_version": "3.7.9 (tags/v3.7.9:13c94747c7, Aug 17 2020, 18:58:18) [MSC v.1900 64 bit (AMD64)]",
        "command_line_arguments": "C:\\Python37\\Scripts\\mlagents-learn jumper.yml --run-id Jumper-22 --resume",
        "mlagents_version": "0.21.0",
        "mlagents_envs_version": "0.21.0",
        "communication_protocol_version": "1.2.0",
        "tensorflow_version": "2.3.1",
        "numpy_version": "1.18.5",
        "end_time_seconds": "1605598561"
    },
    "total": 10.420405800000001,
    "count": 1,
    "self": 0.008340200000001019,
    "children": {
        "run_training.setup": {
            "total": 0.01698999999999984,
            "count": 1,
            "self": 0.01698999999999984
        },
        "TrainerController.start_learning": {
            "total": 10.3950756,
            "count": 1,
            "self": 0.0027265999999990242,
            "children": {
                "TrainerController._reset_env": {
                    "total": 9.0590783,
                    "count": 1,
                    "self": 9.0590783
                },
                "TrainerController.advance": {
                    "total": 0.8559567999999995,
                    "count": 11,
                    "self": 0.00014130000000101006,
                    "children": {
                        "env_step": {
                            "total": 0.8558154999999985,
                            "count": 11,
                            "self": 0.8249367999999961,
                            "children": {
                                "SubprocessEnvManager._take_step": {
                                    "total": 0.030753999999999948,
                                    "count": 11,
                                    "self": 0.00027210000000010837,
                                    "children": {
                                        "TFPolicy.evaluate": {
                                            "total": 0.03048189999999984,
                                            "count": 11,
                                            "self": 0.03048189999999984
                                        }
                                    }
                                },
                                "workers": {
                                    "total": 0.0001247000000024201,
                                    "count": 10,
                                    "self": 0.0,
                                    "children": {
                                        "worker_root": {
                                            "total": 2.4208751000000026,
                                            "count": 10,
                                            "is_parallel": true,
                                            "self": 1.6955230000000006,
                                            "children": {
                                                "steps_from_proto": {
                                                    "total": 0.0004109000000003249,
                                                    "count": 1,
                                                    "is_parallel": true,
                                                    "self": 0.00019020000000047332,
                                                    "children": {
                                                        "_process_vector_observation": {
                                                            "total": 0.00022069999999985157,
                                                            "count": 4,
                                                            "is_parallel": true,
                                                            "self": 0.00022069999999985157
                                                        }
                                                    }
                                                },
                                                "UnityEnvironment.step": {
                                                    "total": 0.7249412000000017,
                                                    "count": 10,
                                                    "is_parallel": true,
                                                    "self": 0.0008396000000061576,
                                                    "children": {
                                                        "UnityEnvironment._generate_step_input": {
                                                            "total": 0.0005662999999955787,
                                                            "count": 10,
                                                            "is_parallel": true,
                                                            "self": 0.0005662999999955787
                                                        },
                                                        "communicator.exchange": {
                                                            "total": 0.7205790000000007,
                                                            "count": 10,
                                                            "is_parallel": true,
                                                            "self": 0.7205790000000007
                                                        },
                                                        "steps_from_proto": {
                                                            "total": 0.0029562999999992456,
                                                            "count": 10,
                                                            "is_parallel": true,
                                                            "self": 0.0014932999999981433,
                                                            "children": {
                                                                "_process_vector_observation": {
                                                                    "total": 0.0014630000000011023,
                                                                    "count": 40,
                                                                    "is_parallel": true,
                                                                    "self": 0.0014630000000011023
                                                                }
                                                            }
                                                        }
                                                    }
                                                }
                                            }
                                        }
                                    }
                                }
                            }
                        }
                    }
                },
                "trainer_threads": {
                    "total": 3.260000000082641e-05,
                    "count": 1,
                    "self": 3.260000000082641e-05,
                    "children": {
                        "thread_root": {
                            "total": 0.0,
                            "count": 0,
                            "is_parallel": true,
                            "self": 0.0,
                            "children": {
                                "trainer_advance": {
                                    "total": 0.8505884000000119,
                                    "count": 418,
                                    "is_parallel": true,
                                    "self": 0.012684100000013743,
                                    "children": {
                                        "process_trajectory": {
                                            "total": 0.8379042999999982,
                                            "count": 418,
                                            "is_parallel": true,