{
    "name": "root",
    "gauges": {
        "Jumper.Policy.Entropy.mean": {
            "value": 0.6631584763526917,
            "min": 0.6631584763526917,
            "max": 0.6929047703742981,
            "count": 5
        },
        "Jumper.Environment.EpisodeLength.mean": {
            "value": 73.11764705882354,
            "min": 73.11764705882354,
            "max": 84.08474576271186,
            "count": 5
        },
        "Jumper.Policy.ExtrinsicValueEstimate.mean": {
            "value": 0.19778692722320557,
            "min": 0.19778692722320557,
            "max": 0.7324680685997009,
            "count": 5
        },
        "Jumper.Policy.CuriosityValueEstimate.mean": {
            "value": -0.05037781968712807,
            "min": -0.16048181056976318,
            "max": -0.05037781968712807,
            "count": 5
        },
        "Jumper.Environment.CumulativeReward.mean": {
            "value": 0.08296297347104108,
            "min": 0.032558146142220315,
            "max": 0.1846153973004757,
            "count": 5
        },
        "Jumper.Policy.ExtrinsicReward.mean": {
            "value": 0.08296297347104108,
            "min": 0.032558146142220315,
            "max": 0.1846153973004757,
            "count": 5
        },
        "Jumper.Policy.CuriosityReward.mean": {
            "value": 0.014027250419099734,
            "min": 0.0010542448162454967,
            "max": 0.03438994316491159,
            "count": 5
        },
        "Jumper.Losses.ValueLoss.mean": {
            "value": 0.07460116595029831,
            "min": 0.07460116595029831,
            "max": 0.16535590589046478,
            "count": 5
        },
        "Jumper.Losses.PolicyLoss.mean": {
            "value": 0.13393838703632355,
            "min": 0.13393838703632355,
            "max": 0.14519570767879486,
            "count": 5
        },
        "Jumper.Policy.LearningRate.mean": {
            "value": 0.00029999998514540493,
            "min": 0.00029999998514540493,
            "max": 0.0003000000142492354,
            "count": 5
        },
        "Jumper.Policy.Epsilon.mean": {
            "value": 0.20000003278255463,
            "min": 0.20000003278255463,
            "max": 0.20000004768371582,
            "count": 5
        },
        "Jumper.Policy.Beta.mean": {
            "value": 0.004999999422580004,
            "min": 0.004999999422580004,
            "max": 0.004999999422580004,
            "count": 5
        },
        "Jumper.Losses.CuriosityForwardLoss.mean": {
            "value": 0.009299654513597488,
            "min": 0.0077857812866568565,
            "max": 0.0602862723171711,
            "count": 5
        },
        "Jumper.Losses.CuriosityInverseLoss.mean": {
            "value": 0.6716852188110352,
            "min": 0.6716852188110352,
            "max": 0.6940091252326965,
            "count": 5
        },
        "Jumper.IsTraining.mean": {
            "value": 1.0,
            "min": 1.0,
            "max": 1.0,
            "count": 5
        }
    },
    "metadata": {
        "timer_format_version": "0.1.0",
        "start_time_seconds": "1605597890",
        "python_version": "3.7.9 (tags/v3.7.9:13c94747c7, Aug 17 2020, 18:58:18) [MSC v.1900 64 bit (AMD64)]",
        "command_line_arguments": "C:\\Python37\\Scripts\\mlagents-learn jumper.yml --run-id Jumper-22",
        "mlagents_version": "0.21.0",
        "mlagents_envs_version": "0.21.0",
        "communication_protocol_version": "1.2.0",
        "tensorflow_version": "2.3.1",
        "numpy_version": "1.18.5",
        "end_time_seconds": "1605598451"
    },
    "total": 560.1567859,
    "count": 1,
    "self": 0.010022899999967194,
    "children": {
        "run_training.setup": {
            "total": 0.007053700000000163,
            "count": 1,
            "self": 0.007053700000000163
        },
        "TrainerController.start_learning": {
            "total": 560.1397093,
            "count": 1,
            "self": 1.696747300003949,
            "children": {
                "TrainerController._reset_env": {
                    "total": 4.333611400000001,
                    "count": 1,
                    "self": 4.333611400000001
                },
                "TrainerController.advance": {
                    "total": 553.7111027999962,
                    "count": 51536,
                    "self": 0.83954749999873,
                    "children": {
                        "env_step": {
                            "total": 552.8715552999975,
                            "count": 51536,
                            "self": 509.28974800000117,
                            "children": {
                                "SubprocessEnvManager._take_step": {
                                    "total": 42.77422409999641,
                                    "count": 51536,
                                    "self": 1.5076520999994827,
                                    "children": {
                                        "TFPolicy.evaluate": {
                                            "total": 41.26657199999693,
                                            "count": 51028,
                                            "self": 41.26657199999693
                                        }
                                    }
                                },
                                "workers": {
                                    "total": 0.8075831999999012,
                                    "count": 51535,
                                    "self": 0.0,
                                    "children": {
                                        "worker_root": {
                                            "total": 555.2065664000053,
                                            "count": 51535,
                                            "is_parallel": true,
                                            "self": 101.33388520000938,
                                            "children": {
                                                "steps_from_proto": {
                                                    "total": 0.00039790000000028414,
                                                    "count": 1,
                                                    "is_parallel": true,
                                                    "self": 0.00016690000000085803,
                                                    "children": {
                                                        "_process_vector_observation": {
                                                            "total": 0.0002309999999994261,
                                                            "count": 4,
                                                            "is_parallel": true,
                                                            "self": 0.0002309999999994261
                                                        }
                                                    }
                                                },
                                                "UnityEnvironment.step": {
                                                    "total": 453.8722832999959,
                                                    "count": 51535,
                                                    "is_parallel": true,
                                                    "self": 5.373144600010448,
                                                    "children": {
                                                        "UnityEnvironment._generate_step_input": {
                                                            "total": 3.6400885999917962,
                                                            "count": 51535,
                                                            "is_parallel": true,
                                                            "self": 3.6400885999917962
                                                        },