{
    "name": "root",
    "gauges": {
        "Jumper.Policy.Entropy.mean": {
            "value": 2.0793676376342773,
            "min": 2.0793676376342773,
            "max": 2.0793676376342773,
            "count": 1
        },
        "Jumper.Policy.ExtrinsicValueEstimate.mean": {
            "value": -0.036801863461732864,
            "min": -0.036801863461732864,
            "max": -0.036801863461732864,
            "count": 1
        },
        "Jumper.Policy.CuriosityValueEstimate.mean": {
            "value": -0.1374051570892334,
            "min": -0.1374051570892334,
            "max": -0.1374051570892334,
            "count": 1
        },
        "Jumper.Environment.EpisodeLength.mean": {
            "value": 999.0,
            "min": 999.0,
            "max": 999.0,
            "count": 1
        },
        "Jumper.Environment.CumulativeReward.mean": {
            "value": -31.576375293079764,
            "min": -31.576375293079764,
            "max": -31.576375293079764,
            "count": 1
        },
        "Jumper.Policy.ExtrinsicReward.mean": {
            "value": -31.576375293079764,
            "min": -31.576375293079764,
            "max": -31.576375293079764,
            "count": 1
        },
        "Jumper.Policy.CuriosityReward.mean": {
            "value": 0.0,
            "min": 0.0,
            "max": 0.0,
            "count": 1
        },
        "Jumper.IsTraining.mean": {
            "value": 1.0,
            "min": 1.0,
            "max": 1.0,
            "count": 1
        }
    },
    "metadata": {
        "timer_format_version": "0.1.0",
        "start_time_seconds": "1606146146",
        "python_version": "3.7.9 (tags/v3.7.9:13c94747c7, Aug 17 2020, 18:58:18) [MSC v.1900 64 bit (AMD64)]",
        "command_line_arguments": "C:\\Python37\\Scripts\\mlagents-learn jumper.yml --run-id NieuweEpisodeBe\u00ebindigsysteem-01 --force",
        "mlagents_version": "0.21.0",
        "mlagents_envs_version": "0.21.0",
        "communication_protocol_version": "1.2.0",
        "tensorflow_version": "2.3.1",
        "numpy_version": "1.18.5",
        "end_time_seconds": "1606146188"
    },
    "total": 42.289979699999996,
    "count": 1,
    "self": 0.007510199999991585,
    "children": {
        "run_training.setup": {
            "total": 0.007461800000000185,
            "count": 1,
            "self": 0.007461800000000185
        },
        "TrainerController.start_learning": {
            "total": 42.2750077,
            "count": 1,
            "self": 0.07589140000012407,
            "children": {
                "TrainerController._reset_env": {
                    "total": 4.8048588,
                    "count": 1,
                    "self": 4.8048588
                },
                "TrainerController.advance": {
                    "total": 36.70567119999988,
                    "count": 2698,
                    "self": 0.03758840000007524,
                    "children": {
                        "env_step": {
                            "total": 36.6680827999998,
                            "count": 2698,
                            "self": 34.04281909999956,
                            "children": {
                                "SubprocessEnvManager._take_step": {
                                    "total": 2.588203900000279,
                                    "count": 2698,
                                    "self": 0.07258570000033249,
                                    "children": {
                                        "TFPolicy.evaluate": {
                                            "total": 2.5156181999999463,
                                            "count": 2431,
                                            "self": 2.5156181999999463
                                        }
                                    }
                                },
                                "workers": {
                                    "total": 0.03705979999996334,
                                    "count": 2697,
                                    "self": 0.0,
                                    "children": {
                                        "worker_root": {
                                            "total": 38.898216700000134,
                                            "count": 2697,
                                            "is_parallel": true,
                                            "self": 8.352160399999981,
                                            "children": {
                                                "steps_from_proto": {
                                                    "total": 0.0006395000000001261,
                                                    "count": 1,
                                                    "is_parallel": true,
                                                    "self": 0.00019190000000079976,
                                                    "children": {
                                                        "_process_vector_observation": {
                                                            "total": 0.0004475999999993263,
                                                            "count": 6,
                                                            "is_parallel": true,
                                                            "self": 0.0004475999999993263
                                                        }
                                                    }
                                                },
                                                "UnityEnvironment.step": {
                                                    "total": 30.54541680000015,
                                                    "count": 2697,
                                                    "is_parallel": true,
                                                    "self": 0.3698566000001655,
                                                    "children": {
                                                        "UnityEnvironment._generate_step_input": {
                                                            "total": 0.2738314999999636,
                                                            "count": 2697,
                                                            "is_parallel": true,
                                                            "self": 0.2738314999999636
                                                        },
                                                        "communicator.exchange": {
                                                            "total": 28.503472900000123,
                                                            "count": 2697,
                                                            "is_parallel": true,
                                                            "self": 28.503472900000123
                                                        },
                                                        "steps_from_proto": {
                                                            "total": 1.3982557999998964,
                                                            "count": 2697,
                                                            "is_parallel": true,
                                                            "self": 0.48232859999983013,
                                                            "children": {
                                                                "_process_vector_observation": {
                                                                    "total": 0.9159272000000662,
                                                                    "count": 16182,
                                                                    "is_parallel": true,