{
    "name": "root",
    "metadata": {
        "timer_format_version": "0.1.0",
        "start_time_seconds": "1605558434",
        "python_version": "3.7.9 (tags/v3.7.9:13c94747c7, Aug 17 2020, 18:58:18) [MSC v.1900 64 bit (AMD64)]",
        "command_line_arguments": "C:\\Python37\\Scripts\\mlagents-learn jumper.yml --run-id Jumper-11",
        "mlagents_version": "0.21.0",
        "mlagents_envs_version": "0.21.0",
        "communication_protocol_version": "1.2.0",
        "tensorflow_version": "2.3.1",
        "numpy_version": "1.18.5",
        "end_time_seconds": "1605558447"
    },
    "total": 13.632623200000001,
    "count": 1,
    "self": 0.02361630000000403,
    "children": {
        "run_training.setup": {
            "total": 0.012302099999999871,
            "count": 1,
            "self": 0.012302099999999871
        },
        "TrainerController.start_learning": {
            "total": 13.596704799999998,
            "count": 1,
            "self": 0.02395790000000808,
            "children": {
                "TrainerController._reset_env": {
                    "total": 6.899392800000001,
                    "count": 1,
                    "self": 6.899392800000001
                },
                "TrainerController.advance": {
                    "total": 6.155791399999986,
                    "count": 325,
                    "self": 0.008314499999977798,
                    "children": {
                        "env_step": {
                            "total": 6.147476900000008,
                            "count": 325,
                            "self": 5.685432400000025,
                            "children": {
                                "SubprocessEnvManager._take_step": {
                                    "total": 0.45512110000000305,
                                    "count": 325,
                                    "self": 0.01574130000001972,
                                    "children": {
                                        "TFPolicy.evaluate": {
                                            "total": 0.43937979999998333,
                                            "count": 321,
                                            "self": 0.43937979999998333
                                        }
                                    }
                                },
                                "workers": {
                                    "total": 0.006923399999980262,
                                    "count": 324,
                                    "self": 0.0,
                                    "children": {
                                        "worker_root": {
                                            "total": 7.659133999999983,
                                            "count": 324,
                                            "is_parallel": true,
                                            "self": 2.540098399999991,
                                            "children": {
                                                "steps_from_proto": {
                                                    "total": 0.00041370000000018337,
                                                    "count": 1,
                                                    "is_parallel": true,
                                                    "self": 0.00018580000000145702,
                                                    "children": {
                                                        "_process_vector_observation": {
                                                            "total": 0.00022789999999872634,
                                                            "count": 4,
                                                            "is_parallel": true,
                                                            "self": 0.00022789999999872634
                                                        }
                                                    }
                                                },
                                                "UnityEnvironment.step": {
                                                    "total": 5.118621899999992,
                                                    "count": 324,
                                                    "is_parallel": true,
                                                    "self": 0.05714170000001495,
                                                    "children": {
                                                        "UnityEnvironment._generate_step_input": {
                                                            "total": 0.040690500000000185,
                                                            "count": 324,
                                                            "is_parallel": true,
                                                            "self": 0.040690500000000185
                                                        },
                                                        "communicator.exchange": {
                                                            "total": 4.834463899999988,
                                                            "count": 324,
                                                            "is_parallel": true,
                                                            "self": 4.834463899999988
                                                        },
                                                        "steps_from_proto": {
                                                            "total": 0.186325799999989,
                                                            "count": 324,
                                                            "is_parallel": true,
                                                            "self": 0.0926342999999843,
                                                            "children": {
                                                                "_process_vector_observation": {
                                                                    "total": 0.0936915000000047,
                                                                    "count": 1296,
                                                                    "is_parallel": true,
                                                                    "self": 0.0936915000000047
                                                                }
                                                            }
                                                        }
                                                    }
                                                }
                                            }
                                        }
                                    }
                                }
                            }
                        }
                    }
                },
                "trainer_threads": {
                    "total": 2.47000000008768e-05,
                    "count": 1,
                    "self": 2.47000000008768e-05,
                    "children": {
                        "thread_root": {
                            "total": 0.0,
                            "count": 0,
                            "is_parallel": true,
                            "self": 0.0,
                            "children": {
                                "trainer_advance": {
                                    "total": 6.0653706999999795,
                                    "count": 2970,
                                    "is_parallel": true,
                                    "self": 0.21056600000001957,
                                    "children": {
                                        "process_trajectory": {
                                            "total": 5.85480469999996,
                                            "count": 2970,
                                            "is_parallel": true,