{
    "name": "root",
    "metadata": {
        "timer_format_version": "0.1.0",
        "start_time_seconds": "1605557111",
        "python_version": "3.7.9 (tags/v3.7.9:13c94747c7, Aug 17 2020, 18:58:18) [MSC v.1900 64 bit (AMD64)]",
        "command_line_arguments": "C:\\Python37\\Scripts\\mlagents-learn jumper.yml --run-id Jumper-09",
        "mlagents_version": "0.21.0",
        "mlagents_envs_version": "0.21.0",
        "communication_protocol_version": "1.2.0",
        "tensorflow_version": "2.3.1",
        "numpy_version": "1.18.5",
        "end_time_seconds": "1605557322"
    },
    "total": 211.0549734,
    "count": 1,
    "self": 0.028575999999986834,
    "children": {
        "run_training.setup": {
            "total": 0.026178399999999602,
            "count": 1,
            "self": 0.026178399999999602
        },
        "TrainerController.start_learning": {
            "total": 211.00021900000002,
            "count": 1,
            "self": 0.48103979999993385,
            "children": {
                "TrainerController._reset_env": {
                    "total": 39.017865099999995,
                    "count": 1,
                    "self": 39.017865099999995
                },
                "TrainerController.advance": {
                    "total": 170.8404425000001,
                    "count": 11376,
                    "self": 0.23039699999966956,
                    "children": {
                        "env_step": {
                            "total": 170.61004550000044,
                            "count": 11376,
                            "self": 158.52584260000347,
                            "children": {
                                "SubprocessEnvManager._take_step": {
                                    "total": 11.861332299998189,
                                    "count": 11376,
                                    "self": 0.45980839999717915,
                                    "children": {
                                        "TFPolicy.evaluate": {
                                            "total": 11.40152390000101,
                                            "count": 11171,
                                            "self": 11.40152390000101
                                        }
                                    }
                                },
                                "workers": {
                                    "total": 0.222870599998771,
                                    "count": 11375,
                                    "self": 0.0,
                                    "children": {
                                        "worker_root": {
                                            "total": 160.8417812999989,
                                            "count": 11375,
                                            "is_parallel": true,
                                            "self": 29.317327299999647,
                                            "children": {
                                                "steps_from_proto": {
                                                    "total": 0.0024951999999984764,
                                                    "count": 1,
                                                    "is_parallel": true,
                                                    "self": 0.0007625999999874011,
                                                    "children": {
                                                        "_process_vector_observation": {
                                                            "total": 0.0017326000000110753,
                                                            "count": 4,
                                                            "is_parallel": true,
                                                            "self": 0.0017326000000110753
                                                        }
                                                    }
                                                },
                                                "UnityEnvironment.step": {
                                                    "total": 131.52195879999925,
                                                    "count": 11375,
                                                    "is_parallel": true,
                                                    "self": 1.538567899998469,
                                                    "children": {
                                                        "UnityEnvironment._generate_step_input": {
                                                            "total": 1.101580999999939,
                                                            "count": 11375,
                                                            "is_parallel": true,
                                                            "self": 1.101580999999939
                                                        },
                                                        "communicator.exchange": {
                                                            "total": 123.76568750000007,
                                                            "count": 11375,
                                                            "is_parallel": true,
                                                            "self": 123.76568750000007
                                                        },
                                                        "steps_from_proto": {
                                                            "total": 5.116122400000776,
                                                            "count": 11373,
                                                            "is_parallel": true,
                                                            "self": 2.584504300000141,
                                                            "children": {
                                                                "_process_vector_observation": {
                                                                    "total": 2.5316181000006353,
                                                                    "count": 45492,
                                                                    "is_parallel": true,
                                                                    "self": 2.5316181000006353
                                                                }
                                                            }
                                                        }
                                                    }
                                                }
                                            }
                                        }
                                    }
                                }
                            }
                        }
                    }
                },
                "trainer_threads": {
                    "total": 3.409999999348656e-05,
                    "count": 1,
                    "self": 3.409999999348656e-05,
                    "children": {
                        "thread_root": {
                            "total": 0.0,
                            "count": 0,
                            "is_parallel": true,
                            "self": 0.0,
                            "children": {
                                "trainer_advance": {
                                    "total": 168.78049460000614,
                                    "count": 80886,
                                    "is_parallel": true,
                                    "self": 4.763004300006713,
                                    "children": {
                                        "process_trajectory": {
                                            "total": 162.19969279999944,
                                            "count": 80886,
                                            "is_parallel": true,