{
    "name": "root",
    "metadata": {
        "timer_format_version": "0.1.0",
        "start_time_seconds": "1605555598",
        "python_version": "3.7.9 (tags/v3.7.9:13c94747c7, Aug 17 2020, 18:58:18) [MSC v.1900 64 bit (AMD64)]",
        "command_line_arguments": "C:\\Python37\\Scripts\\mlagents-learn jumper.yml --run-id Jumper-07",
        "mlagents_version": "0.21.0",
        "mlagents_envs_version": "0.21.0",
        "communication_protocol_version": "1.2.0",
        "tensorflow_version": "2.3.1",
        "numpy_version": "1.18.5",
        "end_time_seconds": "1605555616"
    },
    "total": 17.9219455,
    "count": 1,
    "self": 0.019224499999999978,
    "children": {
        "run_training.setup": {
            "total": 0.022711499999999774,
            "count": 1,
            "self": 0.022711499999999774
        },
        "TrainerController.start_learning": {
            "total": 17.8800095,
            "count": 1,
            "self": 0.027784800000020482,
            "children": {
                "TrainerController._reset_env": {
                    "total": 10.358723300000001,
                    "count": 1,
                    "self": 10.358723300000001
                },
                "TrainerController.advance": {
                    "total": 6.794750199999978,
                    "count": 401,
                    "self": 0.010091600000000867,
                    "children": {
                        "env_step": {
                            "total": 6.784658599999977,
                            "count": 401,
                            "self": 6.180995599999971,
                            "children": {
                                "SubprocessEnvManager._take_step": {
                                    "total": 0.5949804000000096,
                                    "count": 401,
                                    "self": 0.02184830000000737,
                                    "children": {
                                        "TFPolicy.evaluate": {
                                            "total": 0.5731321000000023,
                                            "count": 394,
                                            "self": 0.5731321000000023
                                        }
                                    }
                                },
                                "workers": {
                                    "total": 0.008682599999996654,
                                    "count": 400,
                                    "self": 0.0,
                                    "children": {
                                        "worker_root": {
                                            "total": 8.385005200000018,
                                            "count": 400,
                                            "is_parallel": true,
                                            "self": 2.962978800000011,
                                            "children": {
                                                "steps_from_proto": {
                                                    "total": 0.0006217999999993395,
                                                    "count": 1,
                                                    "is_parallel": true,
                                                    "self": 0.00026580000000109294,
                                                    "children": {
                                                        "_process_vector_observation": {
                                                            "total": 0.0003559999999982466,
                                                            "count": 4,
                                                            "is_parallel": true,
                                                            "self": 0.0003559999999982466
                                                        }
                                                    }
                                                },
                                                "UnityEnvironment.step": {
                                                    "total": 5.421404600000008,
                                                    "count": 400,
                                                    "is_parallel": true,
                                                    "self": 0.07229569999999974,
                                                    "children": {
                                                        "UnityEnvironment._generate_step_input": {
                                                            "total": 0.056193100000003326,
                                                            "count": 400,
                                                            "is_parallel": true,
                                                            "self": 0.056193100000003326
                                                        },
                                                        "communicator.exchange": {
                                                            "total": 5.066067200000003,
                                                            "count": 400,
                                                            "is_parallel": true,
                                                            "self": 5.066067200000003
                                                        },
                                                        "steps_from_proto": {
                                                            "total": 0.22684860000000207,
                                                            "count": 400,
                                                            "is_parallel": true,
                                                            "self": 0.11255140000009511,
                                                            "children": {
                                                                "_process_vector_observation": {
                                                                    "total": 0.11429719999990695,
                                                                    "count": 1600,
                                                                    "is_parallel": true,
                                                                    "self": 0.11429719999990695
                                                                }
                                                            }
                                                        }
                                                    }
                                                }
                                            }
                                        }
                                    }
                                }
                            }
                        }
                    }
                },
                "trainer_threads": {
                    "total": 6.190000000216855e-05,
                    "count": 1,
                    "self": 6.190000000216855e-05,
                    "children": {
                        "thread_root": {
                            "total": 0.0,
                            "count": 0,
                            "is_parallel": true,
                            "self": 0.0,
                            "children": {
                                "trainer_advance": {
                                    "total": 6.691288600000085,
                                    "count": 3266,
                                    "is_parallel": true,
                                    "self": 0.2438276000000954,
                                    "children": {
                                        "process_trajectory": {
                                            "total": 6.44746099999999,
                                            "count": 3266,
                                            "is_parallel": true,