{
    "name": "root",
    "gauges": {
        "Jumper.Policy.Entropy.mean": {
            "value": 0.6719055771827698,
            "min": 0.6719055771827698,
            "max": 0.692950963973999,
            "count": 3
        },
        "Jumper.Environment.EpisodeLength.mean": {
            "value": 54.027472527472526,
            "min": 46.142857142857146,
            "max": 54.027472527472526,
            "count": 3
        },
        "Jumper.Policy.ExtrinsicValueEstimate.mean": {
            "value": -0.1062392070889473,
            "min": -0.12248840928077698,
            "max": -0.1062392070889473,
            "count": 3
        },
        "Jumper.Policy.CuriosityValueEstimate.mean": {
            "value": -0.03444882109761238,
            "min": -0.04363006353378296,
            "max": -0.03444882109761238,
            "count": 3
        },
        "Jumper.Environment.CumulativeReward.mean": {
            "value": -0.21387430846365424,
            "min": -0.36336538711419475,
            "max": -0.21387430846365424,
            "count": 3
        },
        "Jumper.Policy.ExtrinsicReward.mean": {
            "value": -0.21387430846365424,
            "min": -0.36336538711419475,
            "max": -0.21387430846365424,
            "count": 3
        },
        "Jumper.Policy.CuriosityReward.mean": {
            "value": 0.011524594997856104,
            "min": 0.0001951585503635355,
            "max": 0.011524594997856104,
            "count": 3
        },
        "Jumper.Losses.ValueLoss.mean": {
            "value": 0.06696663051843643,
            "min": 0.06696663051843643,
            "max": 0.07042185217142105,
            "count": 3
        },
        "Jumper.Losses.PolicyLoss.mean": {
            "value": 0.14181767404079437,
            "min": 0.14181767404079437,
            "max": 0.1456756591796875,
            "count": 3
        },
        "Jumper.Policy.LearningRate.mean": {
            "value": 0.00029999998514540493,
            "min": 0.00029999998514540493,
            "max": 0.0003000000142492354,
            "count": 3
        },
        "Jumper.Policy.Epsilon.mean": {
            "value": 0.20000003278255463,
            "min": 0.20000003278255463,
            "max": 0.20000004768371582,
            "count": 3
        },
        "Jumper.Policy.Beta.mean": {
            "value": 0.004999999422580004,
            "min": 0.004999999422580004,
            "max": 0.004999999422580004,
            "count": 3
        },
        "Jumper.Losses.CuriosityForwardLoss.mean": {
            "value": 0.011629583314061165,
            "min": 0.011364725418388844,
            "max": 0.04112450033426285,
            "count": 3
        },
        "Jumper.Losses.CuriosityInverseLoss.mean": {
            "value": 0.6755099296569824,
            "min": 0.6755099296569824,
            "max": 0.6936127543449402,
            "count": 3
        },
        "Jumper.IsTraining.mean": {
            "value": 1.0,
            "min": 1.0,
            "max": 1.0,
            "count": 3
        }
    },
    "metadata": {
        "timer_format_version": "0.1.0",
        "start_time_seconds": "1606116822",
        "python_version": "3.7.9 (tags/v3.7.9:13c94747c7, Aug 17 2020, 18:58:18) [MSC v.1900 64 bit (AMD64)]",
        "command_line_arguments": "C:\\Python37\\Scripts\\mlagents-learn jumper.yml --run-id Jumper-40",
        "mlagents_version": "0.21.0",
        "mlagents_envs_version": "0.21.0",
        "communication_protocol_version": "1.2.0",
        "tensorflow_version": "2.3.1",
        "numpy_version": "1.18.5",
        "end_time_seconds": "1606116925"
    },
    "total": 103.3690563,
    "count": 1,
    "self": 0.007066099999988751,
    "children": {
        "run_training.setup": {
            "total": 0.022980700000000187,
            "count": 1,
            "self": 0.022980700000000187
        },
        "TrainerController.start_learning": {
            "total": 103.3390095,
            "count": 1,
            "self": 0.1891163999996195,
            "children": {
                "TrainerController._reset_env": {
                    "total": 11.0327553,
                    "count": 1,
                    "self": 11.0327553
                },
                "TrainerController.advance": {
                    "total": 91.51042860000038,
                    "count": 4816,
                    "self": 0.09503950000014072,
                    "children": {
                        "env_step": {
                            "total": 91.41538910000024,
                            "count": 4816,
                            "self": 86.19719659999943,
                            "children": {
                                "SubprocessEnvManager._take_step": {
                                    "total": 5.13223890000045,
                                    "count": 4816,
                                    "self": 0.1842871000009012,
                                    "children": {
                                        "TFPolicy.evaluate": {
                                            "total": 4.947951799999549,
                                            "count": 4364,
                                            "self": 4.947951799999549
                                        }
                                    }
                                },
                                "workers": {
                                    "total": 0.08595360000036223,
                                    "count": 4815,
                                    "self": 0.0,
                                    "children": {
                                        "worker_root": {
                                            "total": 93.9652807000001,
                                            "count": 4815,
                                            "is_parallel": true,
                                            "self": 20.441376200000562,
                                            "children": {
                                                "steps_from_proto": {
                                                    "total": 0.007966999999998947,
                                                    "count": 1,
                                                    "is_parallel": true,
                                                    "self": 0.0024934999999999263,
                                                    "children": {
                                                        "_process_vector_observation": {
                                                            "total": 0.005473499999999021,
                                                            "count": 4,
                                                            "is_parallel": true,
                                                            "self": 0.005473499999999021
                                                        }
                                                    }
                                                },
                                                "UnityEnvironment.step": {
                                                    "total": 73.51593749999954,
                                                    "count": 4815,
                                                    "is_parallel": true,
                                                    "self": 0.8163612000004008,
                                                    "children": {
                                                        "UnityEnvironment._generate_step_input": {
                                                            "total": 0.6700131999993211,
                                                            "count": 4815,
                                                            "is_parallel": true,
                                                            "self": 0.6700131999993211
                                                        },