{
    "name": "root",
    "gauges": {
        "Jumper.Policy.Entropy.mean": {
            "value": 0.007481173612177372,
            "min": 7.527927664341405e-05,
            "max": 0.6926904320716858,
            "count": 66
        },
        "Jumper.Policy.ExtrinsicValueEstimate.mean": {
            "value": 0.4032960534095764,
            "min": 0.04525795206427574,
            "max": 0.49146920442581177,
            "count": 66
        },
        "Jumper.Policy.CuriosityValueEstimate.mean": {
            "value": 0.011611847206950188,
            "min": -0.24733109772205353,
            "max": 0.021311016753315926,
            "count": 66
        },
        "Jumper.Environment.EpisodeLength.mean": {
            "value": 999.0,
            "min": 540.8888888888889,
            "max": 999.0,
            "count": 66
        },
        "Jumper.Environment.CumulativeReward.mean": {
            "value": 4.9957781086365385,
            "min": -0.05599997170707759,
            "max": 4.997636717828837,
            "count": 66
        },
        "Jumper.Policy.ExtrinsicReward.mean": {
            "value": 4.9957781086365385,
            "min": -0.05599997170707759,
            "max": 4.997636717828837,
            "count": 66
        },
        "Jumper.Policy.CuriosityReward.mean": {
            "value": 0.04339104269941648,
            "min": 0.0,
            "max": 0.505337998397987,
            "count": 66
        },
        "Jumper.Losses.ValueLoss.mean": {
            "value": 1.0365040907345247e-05,
            "min": 7.11100653916219e-07,
            "max": 0.02316049300134182,
            "count": 66
        },
        "Jumper.Losses.PolicyLoss.mean": {
            "value": 0.14450709521770477,
            "min": 0.09517569839954376,
            "max": 0.1542450189590454,
            "count": 66
        },
        "Jumper.Policy.LearningRate.mean": {
            "value": 0.00029999998514540493,
            "min": 0.00029999998514540493,
            "max": 0.0003000000142492354,
            "count": 66
        },
        "Jumper.Policy.Epsilon.mean": {
            "value": 0.20000004768371582,
            "min": 0.20000001788139343,
            "max": 0.20000004768371582,
            "count": 66
        },
        "Jumper.Policy.Beta.mean": {
            "value": 0.004999999888241291,
            "min": 0.004999999422580004,
            "max": 0.004999999888241291,
            "count": 66
        },
        "Jumper.Losses.CuriosityForwardLoss.mean": {
            "value": 0.0013532221782952547,
            "min": 1.3196655345382169e-05,
            "max": 0.06422095000743866,
            "count": 66
        },
        "Jumper.Losses.CuriosityInverseLoss.mean": {
            "value": 0.007744289003312588,
            "min": 4.1368053871337906e-07,
            "max": 0.6939939260482788,
            "count": 66
        },
        "Jumper.IsTraining.mean": {
            "value": 1.0,
            "min": 1.0,
            "max": 1.0,
            "count": 66
        }
    },
    "metadata": {
        "timer_format_version": "0.1.0",
        "start_time_seconds": "1605730965",
        "python_version": "3.7.9 (tags/v3.7.9:13c94747c7, Aug 17 2020, 18:58:18) [MSC v.1900 64 bit (AMD64)]",
        "command_line_arguments": "C:\\Python37\\Scripts\\mlagents-learn jumper.yml --run-id Jumper-36",
        "mlagents_version": "0.21.0",
        "mlagents_envs_version": "0.21.0",
        "communication_protocol_version": "1.2.0",
        "tensorflow_version": "2.3.1",
        "numpy_version": "1.18.5",
        "end_time_seconds": "1605732393"
    },
    "total": 1427.8206388,
    "count": 1,
    "self": 0.01145370000017465,
    "children": {
        "run_training.setup": {
            "total": 0.013639200000000073,
            "count": 1,
            "self": 0.013639200000000073
        },
        "TrainerController.start_learning": {
            "total": 1427.7955459,
            "count": 1,
            "self": 3.714941799996268,
            "children": {
                "TrainerController._reset_env": {
                    "total": 14.619733200000002,
                    "count": 1,
                    "self": 14.619733200000002
                },
                "TrainerController.advance": {
                    "total": 1408.9092783000037,
                    "count": 83759,
                    "self": 1.3789059999651272,
                    "children": {
                        "env_step": {
                            "total": 1407.5303723000386,
                            "count": 83759,
                            "self": 1322.811000900015,
                            "children": {
                                "SubprocessEnvManager._take_step": {
                                    "total": 83.3562704000185,
                                    "count": 83759,
                                    "self": 2.7942126000111784,
                                    "children": {
                                        "TFPolicy.evaluate": {
                                            "total": 80.56205780000732,
                                            "count": 83307,
                                            "self": 80.56205780000732
                                        }
                                    }
                                },
                                "workers": {
                                    "total": 1.3631010000050523,
                                    "count": 83758,
                                    "self": 0.0,
                                    "children": {
                                        "worker_root": {
                                            "total": 1410.837634500013,
                                            "count": 83758,
                                            "is_parallel": true,
                                            "self": 223.75699070000724,
                                            "children": {
                                                "steps_from_proto": {
                                                    "total": 0.0028469999999991558,
                                                    "count": 1,
                                                    "is_parallel": true,
                                                    "self": 0.001129900000000461,
                                                    "children": {
                                                        "_process_vector_observation": {
                                                            "total": 0.0017170999999986947,
                                                            "count": 4,
                                                            "is_parallel": true,
                                                            "self": 0.0017170999999986947
                                                        }
                                                    }
                                                },
                                                "UnityEnvironment.step": {
                                                    "total": 1187.077796800006,
                                                    "count": 83758,
                                                    "is_parallel": true,
                                                    "self": 12.13872120007909,
                                                    "children": {
                                                        "UnityEnvironment._generate_step_input": {
                                                            "total": 10.654580699987175,
                                                            "count": 83758,
                                                            "is_parallel": true,
                                                            "self": 10.654580699987175
                                                        },