{
    "name": "root",
    "metadata": {
        "timer_format_version": "0.1.0",
        "start_time_seconds": "1605555446",
        "python_version": "3.7.9 (tags/v3.7.9:13c94747c7, Aug 17 2020, 18:58:18) [MSC v.1900 64 bit (AMD64)]",
        "command_line_arguments": "C:\\Python37\\Scripts\\mlagents-learn jumper.yml --run-id Jumper-06",
        "mlagents_version": "0.21.0",
        "mlagents_envs_version": "0.21.0",
        "communication_protocol_version": "1.2.0",
        "tensorflow_version": "2.3.1",
        "numpy_version": "1.18.5",
        "end_time_seconds": "1605555461"
    },
    "total": 14.982366299999999,
    "count": 1,
    "self": 0.010470599999997887,
    "children": {
        "run_training.setup": {
            "total": 0.012094199999999944,
            "count": 1,
            "self": 0.012094199999999944
        },
        "TrainerController.start_learning": {
            "total": 14.959801500000001,
            "count": 1,
            "self": 0.005722299999998626,
            "children": {
                "TrainerController._reset_env": {
                    "total": 5.667085200000001,
                    "count": 1,
                    "self": 5.667085200000001
                },
                "TrainerController.advance": {
                    "total": 8.597380800000002,
                    "count": 21,
                    "self": 0.000530900000001111,
                    "children": {
                        "env_step": {
                            "total": 8.5968499,
                            "count": 21,
                            "self": 8.546627999999991,
                            "children": {
                                "SubprocessEnvManager._take_step": {
                                    "total": 0.04976280000000344,
                                    "count": 21,
                                    "self": 0.000930600000002002,
                                    "children": {
                                        "TFPolicy.evaluate": {
                                            "total": 0.048832200000001436,
                                            "count": 21,
                                            "self": 0.048832200000001436
                                        }
                                    }
                                },
                                "workers": {
                                    "total": 0.00045910000000581874,
                                    "count": 20,
                                    "self": 0.0,
                                    "children": {
                                        "worker_root": {
                                            "total": 3.0596188,
                                            "count": 20,
                                            "is_parallel": true,
                                            "self": 1.7520023000000013,
                                            "children": {
                                                "steps_from_proto": {
                                                    "total": 0.0005939999999999834,
                                                    "count": 1,
                                                    "is_parallel": true,
                                                    "self": 0.0002661999999999942,
                                                    "children": {
                                                        "_process_vector_observation": {
                                                            "total": 0.0003277999999999892,
                                                            "count": 4,
                                                            "is_parallel": true,
                                                            "self": 0.0003277999999999892
                                                        }
                                                    }
                                                },
                                                "UnityEnvironment.step": {
                                                    "total": 1.3070224999999986,
                                                    "count": 20,
                                                    "is_parallel": true,
                                                    "self": 0.003421199999993796,
                                                    "children": {
                                                        "UnityEnvironment._generate_step_input": {
                                                            "total": 0.002243000000000883,
                                                            "count": 20,
                                                            "is_parallel": true,
                                                            "self": 0.002243000000000883
                                                        },
                                                        "communicator.exchange": {
                                                            "total": 1.2877154000000042,
                                                            "count": 20,
                                                            "is_parallel": true,
                                                            "self": 1.2877154000000042
                                                        },
                                                        "steps_from_proto": {
                                                            "total": 0.013642899999999791,
                                                            "count": 20,
                                                            "is_parallel": true,
                                                            "self": 0.007215499999994712,
                                                            "children": {
                                                                "_process_vector_observation": {
                                                                    "total": 0.006427400000005079,
                                                                    "count": 80,
                                                                    "is_parallel": true,
                                                                    "self": 0.006427400000005079
                                                                }
                                                            }
                                                        }
                                                    }
                                                }
                                            }
                                        }
                                    }
                                }
                            }
                        }
                    }
                },
                "trainer_threads": {
                    "total": 5.2900000000022374e-05,
                    "count": 1,
                    "self": 5.2900000000022374e-05,
                    "children": {
                        "thread_root": {
                            "total": 0.0,
                            "count": 0,
                            "is_parallel": true,
                            "self": 0.0,
                            "children": {
                                "trainer_advance": {
                                    "total": 8.379804699999996,
                                    "count": 4008,
                                    "is_parallel": true,
                                    "self": 0.388032999999929,
                                    "children": {
                                        "process_trajectory": {
                                            "total": 7.991771700000067,
                                            "count": 4008,
                                            "is_parallel": true,