{
    "name": "root",
    "metadata": {
        "timer_format_version": "0.1.0",
        "start_time_seconds": "1605599290",
        "python_version": "3.7.9 (tags/v3.7.9:13c94747c7, Aug 17 2020, 18:58:18) [MSC v.1900 64 bit (AMD64)]",
        "command_line_arguments": "C:\\Python37\\Scripts\\mlagents-learn jumper.yml --run-id Jumper-25",
        "mlagents_version": "0.21.0",
        "mlagents_envs_version": "0.21.0",
        "communication_protocol_version": "1.2.0",
        "tensorflow_version": "2.3.1",
        "numpy_version": "1.18.5",
        "end_time_seconds": "1605599308"
    },
    "total": 17.0711314,
    "count": 1,
    "self": 0.005433200000002358,
    "children": {
        "run_training.setup": {
            "total": 0.009121200000000051,
            "count": 1,
            "self": 0.009121200000000051
        },
        "TrainerController.start_learning": {
            "total": 17.056576999999997,
            "count": 1,
            "self": 0.04060830000004856,
            "children": {
                "TrainerController._reset_env": {
                    "total": 4.2035496000000006,
                    "count": 1,
                    "self": 4.2035496000000006
                },
                "TrainerController.advance": {
                    "total": 12.377834499999949,
                    "count": 1331,
                    "self": 0.01882579999993972,
                    "children": {
                        "env_step": {
                            "total": 12.35900870000001,
                            "count": 1331,
                            "self": 11.301392500000095,
                            "children": {
                                "SubprocessEnvManager._take_step": {
                                    "total": 1.0400557999999371,
                                    "count": 1331,
                                    "self": 0.03307709999993591,
                                    "children": {
                                        "TFPolicy.evaluate": {
                                            "total": 1.0069787000000012,
                                            "count": 1311,
                                            "self": 1.0069787000000012
                                        }
                                    }
                                },
                                "workers": {
                                    "total": 0.017560399999977605,
                                    "count": 1330,
                                    "self": 0.0,
                                    "children": {
                                        "worker_root": {
                                            "total": 13.96235369999998,
                                            "count": 1330,
                                            "is_parallel": true,
                                            "self": 3.87202809999998,
                                            "children": {
                                                "steps_from_proto": {
                                                    "total": 0.00037349999999980454,
                                                    "count": 1,
                                                    "is_parallel": true,
                                                    "self": 0.00016299999999924708,
                                                    "children": {
                                                        "_process_vector_observation": {
                                                            "total": 0.00021050000000055746,
                                                            "count": 4,
                                                            "is_parallel": true,
                                                            "self": 0.00021050000000055746
                                                        }
                                                    }
                                                },
                                                "UnityEnvironment.step": {
                                                    "total": 10.0899521,
                                                    "count": 1330,
                                                    "is_parallel": true,
                                                    "self": 0.1298689999999656,
                                                    "children": {
                                                        "UnityEnvironment._generate_step_input": {
                                                            "total": 0.09101350000004249,
                                                            "count": 1330,
                                                            "is_parallel": true,
                                                            "self": 0.09101350000004249
                                                        },
                                                        "communicator.exchange": {
                                                            "total": 9.424611099999993,
                                                            "count": 1330,
                                                            "is_parallel": true,
                                                            "self": 9.424611099999993
                                                        },
                                                        "steps_from_proto": {
                                                            "total": 0.44445849999999965,
                                                            "count": 1330,
                                                            "is_parallel": true,
                                                            "self": 0.21319220000001504,
                                                            "children": {
                                                                "_process_vector_observation": {
                                                                    "total": 0.2312662999999846,
                                                                    "count": 5320,
                                                                    "is_parallel": true,
                                                                    "self": 0.2312662999999846
                                                                }
                                                            }
                                                        }
                                                    }
                                                }
                                            }
                                        }
                                    }
                                }
                            }
                        }
                    }
                },
                "trainer_threads": {
                    "total": 3.0399999999985994e-05,
                    "count": 1,
                    "self": 3.0399999999985994e-05,
                    "children": {
                        "thread_root": {
                            "total": 0.0,
                            "count": 0,
                            "is_parallel": true,
                            "self": 0.0,
                            "children": {
                                "trainer_advance": {
                                    "total": 12.304894499999955,
                                    "count": 6164,
                                    "is_parallel": true,
                                    "self": 0.22215159999993084,
                                    "children": {
                                        "process_trajectory": {
                                            "total": 12.082742900000024,
                                            "count": 6164,
                                            "is_parallel": true,