{
    "name": "root",
    "metadata": {
        "timer_format_version": "0.1.0",
        "start_time_seconds": "1605554622",
        "python_version": "3.7.9 (tags/v3.7.9:13c94747c7, Aug 17 2020, 18:58:18) [MSC v.1900 64 bit (AMD64)]",
        "command_line_arguments": "C:\\Python37\\Scripts\\mlagents-learn jumper.yml --run-id Jumper-03",
        "mlagents_version": "0.21.0",
        "mlagents_envs_version": "0.21.0",
        "communication_protocol_version": "1.2.0",
        "tensorflow_version": "2.3.1",
        "numpy_version": "1.18.5",
        "end_time_seconds": "1605554644"
    },
    "total": 22.3646198,
    "count": 1,
    "self": 0.016815499999999872,
    "children": {
        "run_training.setup": {
            "total": 0.012924700000000122,
            "count": 1,
            "self": 0.012924700000000122
        },
        "TrainerController.start_learning": {
            "total": 22.3348796,
            "count": 1,
            "self": 0.04388390000003284,
            "children": {
                "TrainerController._reset_env": {
                    "total": 5.3097352,
                    "count": 1,
                    "self": 5.3097352
                },
                "TrainerController.advance": {
                    "total": 16.423798999999967,
                    "count": 754,
                    "self": 0.019971399999985096,
                    "children": {
                        "env_step": {
                            "total": 16.403827599999982,
                            "count": 754,
                            "self": 15.240407100000017,
                            "children": {
                                "SubprocessEnvManager._take_step": {
                                    "total": 1.1455230999999308,
                                    "count": 754,
                                    "self": 0.042369199999910734,
                                    "children": {
                                        "TFPolicy.evaluate": {
                                            "total": 1.1031539000000201,
                                            "count": 754,
                                            "self": 1.1031539000000201
                                        }
                                    }
                                },
                                "workers": {
                                    "total": 0.01789740000003448,
                                    "count": 753,
                                    "self": 0.0,
                                    "children": {
                                        "worker_root": {
                                            "total": 17.971054400000007,
                                            "count": 753,
                                            "is_parallel": true,
                                            "self": 4.149337000000003,
                                            "children": {
                                                "steps_from_proto": {
                                                    "total": 0.0005335999999998009,
                                                    "count": 1,
                                                    "is_parallel": true,
                                                    "self": 0.0002756000000005976,
                                                    "children": {
                                                        "_process_vector_observation": {
                                                            "total": 0.0002579999999992033,
                                                            "count": 4,
                                                            "is_parallel": true,
                                                            "self": 0.0002579999999992033
                                                        }
                                                    }
                                                },
                                                "UnityEnvironment.step": {
                                                    "total": 13.821183800000004,
                                                    "count": 753,
                                                    "is_parallel": true,
                                                    "self": 0.13187480000000917,
                                                    "children": {
                                                        "UnityEnvironment._generate_step_input": {
                                                            "total": 0.10165540000002249,
                                                            "count": 753,
                                                            "is_parallel": true,
                                                            "self": 0.10165540000002249
                                                        },
                                                        "communicator.exchange": {
                                                            "total": 13.158399600000017,
                                                            "count": 753,
                                                            "is_parallel": true,
                                                            "self": 13.158399600000017
                                                        },
                                                        "steps_from_proto": {
                                                            "total": 0.4292539999999532,
                                                            "count": 753,
                                                            "is_parallel": true,
                                                            "self": 0.21503150000001003,
                                                            "children": {
                                                                "_process_vector_observation": {
                                                                    "total": 0.21422249999994314,
                                                                    "count": 3012,
                                                                    "is_parallel": true,
                                                                    "self": 0.21422249999994314
                                                                }
                                                            }
                                                        }
                                                    }
                                                }
                                            }
                                        }
                                    }
                                }
                            }
                        }
                    }
                },
                "trainer_threads": {
                    "total": 3.0500000001154604e-05,
                    "count": 1,
                    "self": 3.0500000001154604e-05,
                    "children": {
                        "thread_root": {
                            "total": 0.0,
                            "count": 0,
                            "is_parallel": true,
                            "self": 0.0,
                            "children": {
                                "trainer_advance": {
                                    "total": 16.140103499999856,
                                    "count": 7955,
                                    "is_parallel": true,
                                    "self": 0.6027921999998416,
                                    "children": {
                                        "process_trajectory": {
                                            "total": 15.537311300000015,
                                            "count": 7955,
                                            "is_parallel": true,