{
    "name": "root",
    "gauges": {
        "Jumper.Policy.Entropy.mean": {
            "value": 0.27334409952163696,
            "min": 0.27334409952163696,
            "max": 0.6929342150688171,
            "count": 102
        },
        "Jumper.Environment.EpisodeLength.mean": {
            "value": 46.80288461538461,
            "min": 36.68913857677903,
            "max": 55.15384615384615,
            "count": 102
        },
        "Jumper.Policy.ExtrinsicValueEstimate.mean": {
            "value": -0.5157051086425781,
            "min": -0.5866703987121582,
            "max": 0.07725977152585983,
            "count": 102
        },
        "Jumper.Policy.CuriosityValueEstimate.mean": {
            "value": 0.013940843753516674,
            "min": 0.012334643863141537,
            "max": 0.3018970489501953,
            "count": 102
        },
        "Jumper.Environment.CumulativeReward.mean": {
            "value": -0.7636028652271015,
            "min": -0.81221153483941,
            "max": -0.7215714199202401,
            "count": 102
        },
        "Jumper.Policy.ExtrinsicReward.mean": {
            "value": -0.7636028652271015,
            "min": -0.81221153483941,
            "max": -0.7215714199202401,
            "count": 102
        },
        "Jumper.Policy.CuriosityReward.mean": {
            "value": 0.0070387808956101335,
            "min": 0.00011690960443677166,
            "max": 0.01048470799016952,
            "count": 102
        },
        "Jumper.Losses.ValueLoss.mean": {
            "value": 0.017659414559602737,
            "min": 0.01398773305118084,
            "max": 0.11802409589290619,
            "count": 102
        },
        "Jumper.Losses.PolicyLoss.mean": {
            "value": 0.13963522017002106,
            "min": 0.13187994062900543,
            "max": 0.15044362843036652,
            "count": 102
        },
        "Jumper.Policy.LearningRate.mean": {
            "value": 0.0003000000142492354,
            "min": 0.00029999998514540493,
            "max": 0.0003000000142492354,
            "count": 102
        },
        "Jumper.Policy.Epsilon.mean": {
            "value": 0.20000004768371582,
            "min": 0.20000003278255463,
            "max": 0.20000004768371582,
            "count": 102
        },
        "Jumper.Policy.Beta.mean": {
            "value": 0.004999999422580004,
            "min": 0.004999999422580004,
            "max": 0.004999999888241291,
            "count": 102
        },
        "Jumper.Losses.CuriosityForwardLoss.mean": {
            "value": 0.006687403190881014,
            "min": 0.004723610356450081,
            "max": 0.04965275153517723,
            "count": 102
        },
        "Jumper.Losses.CuriosityInverseLoss.mean": {
            "value": 0.29518482089042664,
            "min": 0.29518482089042664,
            "max": 0.694323718547821,
            "count": 102
        },
        "Jumper.IsTraining.mean": {
            "value": 1.0,
            "min": 1.0,
            "max": 1.0,
            "count": 102
        }
    },
    "metadata": {
        "timer_format_version": "0.1.0",
        "start_time_seconds": "1605606731",
        "python_version": "3.7.9 (tags/v3.7.9:13c94747c7, Aug 17 2020, 18:58:18) [MSC v.1900 64 bit (AMD64)]",
        "command_line_arguments": "C:\\Python37\\Scripts\\mlagents-learn jumper.yml --run-id Jumper-30",
        "mlagents_version": "0.21.0",
        "mlagents_envs_version": "0.21.0",
        "communication_protocol_version": "1.2.0",
        "tensorflow_version": "2.3.1",
        "numpy_version": "1.18.5",
        "end_time_seconds": "1605608982"
    },
    "total": 2250.4934415000002,
    "count": 1,
    "self": 0.2478571000001466,
    "children": {
        "run_training.setup": {
            "total": 0.010994100000000007,
            "count": 1,
            "self": 0.010994100000000007
        },
        "TrainerController.start_learning": {
            "total": 2250.2345903,
            "count": 1,
            "self": 4.343861600017135,
            "children": {
                "TrainerController._reset_env": {
                    "total": 4.4644466000000005,
                    "count": 1,
                    "self": 4.4644466000000005
                },
                "TrainerController.advance": {
                    "total": 2241.0298386999834,
                    "count": 144000,
                    "self": 2.268374499980837,
                    "children": {
                        "env_step": {
                            "total": 2238.7614642000026,
                            "count": 144000,
                            "self": 2121.16951039998,
                            "children": {
                                "SubprocessEnvManager._take_step": {
                                    "total": 115.37422770001055,
                                    "count": 144000,
                                    "self": 4.171795800032868,
                                    "children": {
                                        "TFPolicy.evaluate": {
                                            "total": 111.20243189997768,
                                            "count": 128334,
                                            "self": 111.20243189997768
                                        }
                                    }
                                },
                                "workers": {
                                    "total": 2.217726100011987,
                                    "count": 143999,
                                    "self": 0.0,
                                    "children": {
                                        "worker_root": {
                                            "total": 2242.4563316999784,
                                            "count": 143999,
                                            "is_parallel": true,
                                            "self": 430.5710818999346,
                                            "children": {
                                                "steps_from_proto": {
                                                    "total": 0.0005097999999996716,
                                                    "count": 1,
                                                    "is_parallel": true,
                                                    "self": 0.00017709999999926396,
                                                    "children": {
                                                        "_process_vector_observation": {
                                                            "total": 0.00033270000000040767,
                                                            "count": 4,
                                                            "is_parallel": true,
                                                            "self": 0.00033270000000040767
                                                        }
                                                    }
                                                },
                                                "UnityEnvironment.step": {
                                                    "total": 1811.8847400000438,
                                                    "count": 143999,
                                                    "is_parallel": true,
                                                    "self": 19.275725800054033,
                                                    "children": {
                                                        "UnityEnvironment._generate_step_input": {
                                                            "total": 15.27456869998227,
                                                            "count": 143999,
                                                            "is_parallel": true,