{
    "name": "root",
    "metadata": {
        "timer_format_version": "0.1.0",
        "start_time_seconds": "1605597846",
        "python_version": "3.7.9 (tags/v3.7.9:13c94747c7, Aug 17 2020, 18:58:18) [MSC v.1900 64 bit (AMD64)]",
        "command_line_arguments": "C:\\Python37\\Scripts\\mlagents-learn jumper.yml --run-id Jumper-21",
        "mlagents_version": "0.21.0",
        "mlagents_envs_version": "0.21.0",
        "communication_protocol_version": "1.2.0",
        "tensorflow_version": "2.3.1",
        "numpy_version": "1.18.5",
        "end_time_seconds": "1605597868"
    },
    "total": 21.299524,
    "count": 1,
    "self": 0.005784900000005422,
    "children": {
        "run_training.setup": {
            "total": 0.007093799999999817,
            "count": 1,
            "self": 0.007093799999999817
        },
        "TrainerController.start_learning": {
            "total": 21.286645299999996,
            "count": 1,
            "self": 0.03620979999999108,
            "children": {
                "TrainerController._reset_env": {
                    "total": 8.6790113,
                    "count": 1,
                    "self": 8.6790113
                },
                "TrainerController.advance": {
                    "total": 12.161291900000009,
                    "count": 1202,
                    "self": 0.017148199999994063,
                    "children": {
                        "env_step": {
                            "total": 12.144143700000015,
                            "count": 1202,
                            "self": 11.17296230000002,
                            "children": {
                                "SubprocessEnvManager._take_step": {
                                    "total": 0.9548555999999895,
                                    "count": 1202,
                                    "self": 0.029885899999877452,
                                    "children": {
                                        "TFPolicy.evaluate": {
                                            "total": 0.924969700000112,
                                            "count": 1191,
                                            "self": 0.924969700000112
                                        }
                                    }
                                },
                                "workers": {
                                    "total": 0.01632580000000594,
                                    "count": 1201,
                                    "self": 0.0,
                                    "children": {
                                        "worker_root": {
                                            "total": 13.695592100000034,
                                            "count": 1201,
                                            "is_parallel": true,
                                            "self": 3.618627900000078,
                                            "children": {
                                                "steps_from_proto": {
                                                    "total": 0.0003826000000000107,
                                                    "count": 1,
                                                    "is_parallel": true,
                                                    "self": 0.0001693999999998752,
                                                    "children": {
                                                        "_process_vector_observation": {
                                                            "total": 0.0002132000000001355,
                                                            "count": 4,
                                                            "is_parallel": true,
                                                            "self": 0.0002132000000001355
                                                        }
                                                    }
                                                },
                                                "UnityEnvironment.step": {
                                                    "total": 10.076581599999956,
                                                    "count": 1201,
                                                    "is_parallel": true,
                                                    "self": 0.11116299999986623,
                                                    "children": {
                                                        "UnityEnvironment._generate_step_input": {
                                                            "total": 0.07314460000003464,
                                                            "count": 1201,
                                                            "is_parallel": true,
                                                            "self": 0.07314460000003464
                                                        },
                                                        "communicator.exchange": {
                                                            "total": 9.506830900000043,
                                                            "count": 1201,
                                                            "is_parallel": true,
                                                            "self": 9.506830900000043
                                                        },
                                                        "steps_from_proto": {
                                                            "total": 0.38544310000001225,
                                                            "count": 1201,
                                                            "is_parallel": true,
                                                            "self": 0.19429310000000122,
                                                            "children": {
                                                                "_process_vector_observation": {
                                                                    "total": 0.19115000000001103,
                                                                    "count": 4804,
                                                                    "is_parallel": true,
                                                                    "self": 0.19115000000001103
                                                                }
                                                            }
                                                        }
                                                    }
                                                }
                                            }
                                        }
                                    }
                                }
                            }
                        }
                    }
                },
                "trainer_threads": {
                    "total": 2.2799999999989495e-05,
                    "count": 1,
                    "self": 2.2799999999989495e-05,
                    "children": {
                        "thread_root": {
                            "total": 0.0,
                            "count": 0,
                            "is_parallel": true,
                            "self": 0.0,
                            "children": {
                                "trainer_advance": {
                                    "total": 12.081179499999951,
                                    "count": 6085,
                                    "is_parallel": true,
                                    "self": 0.22160390000000163,
                                    "children": {
                                        "process_trajectory": {
                                            "total": 11.85957559999995,
                                            "count": 6085,
                                            "is_parallel": true,