{
    "name": "root",
    "metadata": {
        "timer_format_version": "0.1.0",
        "start_time_seconds": "1605559232",
        "python_version": "3.7.9 (tags/v3.7.9:13c94747c7, Aug 17 2020, 18:58:18) [MSC v.1900 64 bit (AMD64)]",
        "command_line_arguments": "C:\\Python37\\Scripts\\mlagents-learn jumper.yml --run-id Jumper-17",
        "mlagents_version": "0.21.0",
        "mlagents_envs_version": "0.21.0",
        "communication_protocol_version": "1.2.0",
        "tensorflow_version": "2.3.1",
        "numpy_version": "1.18.5",
        "end_time_seconds": "1605559276"
    },
    "total": 44.5863861,
    "count": 1,
    "self": 0.014851999999997645,
    "children": {
        "run_training.setup": {
            "total": 0.009272399999999958,
            "count": 1,
            "self": 0.009272399999999958
        },
        "TrainerController.start_learning": {
            "total": 44.5622617,
            "count": 1,
            "self": 0.11454709999998869,
            "children": {
                "TrainerController._reset_env": {
                    "total": 5.5471924,
                    "count": 1,
                    "self": 5.5471924
                },
                "TrainerController.advance": {
                    "total": 38.03031910000001,
                    "count": 2516,
                    "self": 0.052866100000045435,
                    "children": {
                        "env_step": {
                            "total": 37.97745299999996,
                            "count": 2516,
                            "self": 34.95918689999979,
                            "children": {
                                "SubprocessEnvManager._take_step": {
                                    "total": 2.9683467000001524,
                                    "count": 2516,
                                    "self": 0.1117209000001278,
                                    "children": {
                                        "TFPolicy.evaluate": {
                                            "total": 2.8566258000000246,
                                            "count": 2467,
                                            "self": 2.8566258000000246
                                        }
                                    }
                                },
                                "workers": {
                                    "total": 0.04991940000001627,
                                    "count": 2515,
                                    "self": 0.0,
                                    "children": {
                                        "worker_root": {
                                            "total": 40.036083600000154,
                                            "count": 2515,
                                            "is_parallel": true,
                                            "self": 8.915237600000179,
                                            "children": {
                                                "steps_from_proto": {
                                                    "total": 0.0005589999999999762,
                                                    "count": 1,
                                                    "is_parallel": true,
                                                    "self": 0.0003499999999991843,
                                                    "children": {
                                                        "_process_vector_observation": {
                                                            "total": 0.00020900000000079189,
                                                            "count": 4,
                                                            "is_parallel": true,
                                                            "self": 0.00020900000000079189
                                                        }
                                                    }
                                                },
                                                "UnityEnvironment.step": {
                                                    "total": 31.120286999999976,
                                                    "count": 2515,
                                                    "is_parallel": true,
                                                    "self": 0.3774411000001763,
                                                    "children": {
                                                        "UnityEnvironment._generate_step_input": {
                                                            "total": 0.2760685999998511,
                                                            "count": 2515,
                                                            "is_parallel": true,
                                                            "self": 0.2760685999998511
                                                        },
                                                        "communicator.exchange": {
                                                            "total": 29.220658399999948,
                                                            "count": 2515,
                                                            "is_parallel": true,
                                                            "self": 29.220658399999948
                                                        },
                                                        "steps_from_proto": {
                                                            "total": 1.2461189000000008,
                                                            "count": 2515,
                                                            "is_parallel": true,
                                                            "self": 0.6192503000001004,
                                                            "children": {
                                                                "_process_vector_observation": {
                                                                    "total": 0.6268685999999004,
                                                                    "count": 10060,
                                                                    "is_parallel": true,
                                                                    "self": 0.6268685999999004
                                                                }
                                                            }
                                                        }
                                                    }
                                                }
                                            }
                                        }
                                    }
                                }
                            }
                        }
                    }
                },
                "trainer_threads": {
                    "total": 4.8100000000772525e-05,
                    "count": 1,
                    "self": 4.8100000000772525e-05,
                    "children": {
                        "thread_root": {
                            "total": 0.0,
                            "count": 0,
                            "is_parallel": true,
                            "self": 0.0,
                            "children": {
                                "trainer_advance": {
                                    "total": 37.495069700000414,
                                    "count": 18352,
                                    "is_parallel": true,
                                    "self": 1.2345087000004824,
                                    "children": {
                                        "process_trajectory": {
                                            "total": 36.26056099999993,
                                            "count": 18352,
                                            "is_parallel": true,