{
    "name": "root",
    "metadata": {
        "timer_format_version": "0.1.0",
        "start_time_seconds": "1605559337",
        "python_version": "3.7.9 (tags/v3.7.9:13c94747c7, Aug 17 2020, 18:58:18) [MSC v.1900 64 bit (AMD64)]",
        "command_line_arguments": "C:\\Python37\\Scripts\\mlagents-learn jumper.yml --run-id Jumper-18",
        "mlagents_version": "0.21.0",
        "mlagents_envs_version": "0.21.0",
        "communication_protocol_version": "1.2.0",
        "tensorflow_version": "2.3.1",
        "numpy_version": "1.18.5",
        "end_time_seconds": "1605559349"
    },
    "total": 11.6887157,
    "count": 1,
    "self": 0.016239199999997567,
    "children": {
        "run_training.setup": {
            "total": 0.011817900000000048,
            "count": 1,
            "self": 0.011817900000000048
        },
        "TrainerController.start_learning": {
            "total": 11.660658600000001,
            "count": 1,
            "self": 0.01678960000001517,
            "children": {
                "TrainerController._reset_env": {
                    "total": 6.1899441,
                    "count": 1,
                    "self": 6.1899441
                },
                "TrainerController.advance": {
                    "total": 4.567558799999986,
                    "count": 220,
                    "self": 0.006095800000002427,
                    "children": {
                        "env_step": {
                            "total": 4.561462999999984,
                            "count": 220,
                            "self": 4.108223599999988,
                            "children": {
                                "SubprocessEnvManager._take_step": {
                                    "total": 0.4477489000000041,
                                    "count": 220,
                                    "self": 0.013676799999997158,
                                    "children": {
                                        "TFPolicy.evaluate": {
                                            "total": 0.43407210000000696,
                                            "count": 216,
                                            "self": 0.43407210000000696
                                        }
                                    }
                                },
                                "workers": {
                                    "total": 0.005490499999991627,
                                    "count": 219,
                                    "self": 0.0,
                                    "children": {
                                        "worker_root": {
                                            "total": 6.916367099999999,
                                            "count": 219,
                                            "is_parallel": true,
                                            "self": 3.2294035999999906,
                                            "children": {
                                                "steps_from_proto": {
                                                    "total": 0.0005766999999998745,
                                                    "count": 1,
                                                    "is_parallel": true,
                                                    "self": 0.00021259999999978518,
                                                    "children": {
                                                        "_process_vector_observation": {
                                                            "total": 0.00036410000000008935,
                                                            "count": 4,
                                                            "is_parallel": true,
                                                            "self": 0.00036410000000008935
                                                        }
                                                    }
                                                },
                                                "UnityEnvironment.step": {
                                                    "total": 3.686386800000008,
                                                    "count": 219,
                                                    "is_parallel": true,
                                                    "self": 0.04159079999999893,
                                                    "children": {
                                                        "UnityEnvironment._generate_step_input": {
                                                            "total": 0.03193970000000146,
                                                            "count": 219,
                                                            "is_parallel": true,
                                                            "self": 0.03193970000000146
                                                        },
                                                        "communicator.exchange": {
                                                            "total": 3.4814298999999895,
                                                            "count": 219,
                                                            "is_parallel": true,
                                                            "self": 3.4814298999999895
                                                        },
                                                        "steps_from_proto": {
                                                            "total": 0.13142640000001826,
                                                            "count": 219,
                                                            "is_parallel": true,
                                                            "self": 0.06397910000004092,
                                                            "children": {
                                                                "_process_vector_observation": {
                                                                    "total": 0.06744729999997734,
                                                                    "count": 876,
                                                                    "is_parallel": true,
                                                                    "self": 0.06744729999997734
                                                                }
                                                            }
                                                        }
                                                    }
                                                }
                                            }
                                        }
                                    }
                                }
                            }
                        }
                    }
                },
                "trainer_threads": {
                    "total": 2.3300000000503474e-05,
                    "count": 1,
                    "self": 2.3300000000503474e-05,
                    "children": {
                        "thread_root": {
                            "total": 0.0,
                            "count": 0,
                            "is_parallel": true,
                            "self": 0.0,
                            "children": {
                                "trainer_advance": {
                                    "total": 4.499020300000057,
                                    "count": 2146,
                                    "is_parallel": true,
                                    "self": 0.15713330000005676,
                                    "children": {
                                        "process_trajectory": {
                                            "total": 4.341887,
                                            "count": 2146,
                                            "is_parallel": true,