{
    "name": "root",
    "gauges": {
        "Jumper.Policy.Entropy.mean": {
            "value": 0.6426846385002136,
            "min": 0.6426846385002136,
            "max": 0.692626416683197,
            "count": 8
        },
        "Jumper.Environment.EpisodeLength.mean": {
            "value": 52.05759162303665,
            "min": 38.983739837398375,
            "max": 52.05759162303665,
            "count": 8
        },
        "Jumper.Policy.ExtrinsicValueEstimate.mean": {
            "value": -0.6455586552619934,
            "min": -0.6455586552619934,
            "max": 0.06467083841562271,
            "count": 8
        },
        "Jumper.Policy.CuriosityValueEstimate.mean": {
            "value": -0.06877388060092926,
            "min": -0.1989188939332962,
            "max": -0.06877388060092926,
            "count": 8
        },
        "Jumper.Environment.CumulativeReward.mean": {
            "value": -0.9305130878356115,
            "min": -0.9495301175279072,
            "max": -0.9305130878356115,
            "count": 8
        },
        "Jumper.Policy.ExtrinsicReward.mean": {
            "value": -0.9305130878356115,
            "min": -0.9495301175279072,
            "max": -0.9305130878356115,
            "count": 8
        },
        "Jumper.Policy.CuriosityReward.mean": {
            "value": 0.008974138794951257,
            "min": 0.00030811912587119474,
            "max": 0.008974138794951257,
            "count": 8
        },
        "Jumper.Losses.ValueLoss.mean": {
            "value": 0.008620706386864185,
            "min": 0.008620706386864185,
            "max": 0.08915483206510544,
            "count": 8
        },
        "Jumper.Losses.PolicyLoss.mean": {
            "value": 0.14892131090164185,
            "min": 0.13208065927028656,
            "max": 0.14892131090164185,
            "count": 8
        },
        "Jumper.Policy.LearningRate.mean": {
            "value": 0.00029999998514540493,
            "min": 0.00029999998514540493,
            "max": 0.00029999998514540493,
            "count": 8
        },
        "Jumper.Policy.Epsilon.mean": {
            "value": 0.20000003278255463,
            "min": 0.20000003278255463,
            "max": 0.20000003278255463,
            "count": 8
        },
        "Jumper.Policy.Beta.mean": {
            "value": 0.004999999422580004,
            "min": 0.004999999422580004,
            "max": 0.004999999422580004,
            "count": 8
        },
        "Jumper.Losses.CuriosityForwardLoss.mean": {
            "value": 0.0107038589194417,
            "min": 0.008501291275024414,
            "max": 0.049972355365753174,
            "count": 8
        },
        "Jumper.Losses.CuriosityInverseLoss.mean": {
            "value": 0.6512479186058044,
            "min": 0.6512479186058044,
            "max": 0.6942174434661865,
            "count": 8
        },
        "Jumper.IsTraining.mean": {
            "value": 1.0,
            "min": 1.0,
            "max": 1.0,
            "count": 8
        }
    },
    "metadata": {
        "timer_format_version": "0.1.0",
        "start_time_seconds": "1605610371",
        "python_version": "3.7.9 (tags/v3.7.9:13c94747c7, Aug 17 2020, 18:58:18) [MSC v.1900 64 bit (AMD64)]",
        "command_line_arguments": "C:\\Python37\\Scripts\\mlagents-learn jumper.yml --run-id Jumper-33",
        "mlagents_version": "0.21.0",
        "mlagents_envs_version": "0.21.0",
        "communication_protocol_version": "1.2.0",
        "tensorflow_version": "2.3.1",
        "numpy_version": "1.18.5",
        "end_time_seconds": "1605610626"
    },
    "total": 254.5732426,
    "count": 1,
    "self": 0.05560009999999238,
    "children": {
        "run_training.setup": {
            "total": 0.011786899999999711,
            "count": 1,
            "self": 0.011786899999999711
        },
        "TrainerController.start_learning": {
            "total": 254.5058556,
            "count": 1,
            "self": 0.43367759999941313,
            "children": {
                "TrainerController._reset_env": {
                    "total": 5.945099299999999,
                    "count": 1,
                    "self": 5.945099299999999
                },
                "TrainerController.advance": {
                    "total": 246.9443805000005,
                    "count": 11629,
                    "self": 0.2212733000019682,
                    "children": {
                        "env_step": {
                            "total": 246.72310719999854,
                            "count": 11629,
                            "self": 234.74103709999875,
                            "children": {
                                "SubprocessEnvManager._take_step": {
                                    "total": 11.759750700000048,
                                    "count": 11629,
                                    "self": 0.4249670000011161,
                                    "children": {
                                        "TFPolicy.evaluate": {
                                            "total": 11.334783699998932,
                                            "count": 10344,
                                            "self": 11.334783699998932
                                        }
                                    }
                                },
                                "workers": {
                                    "total": 0.22231939999973704,
                                    "count": 11628,
                                    "self": 0.0,
                                    "children": {
                                        "worker_root": {
                                            "total": 235.6263676000009,
                                            "count": 11628,
                                            "is_parallel": true,
                                            "self": 44.71701690000239,
                                            "children": {
                                                "steps_from_proto": {
                                                    "total": 0.0005719999999995729,
                                                    "count": 1,
                                                    "is_parallel": true,
                                                    "self": 0.00019929999999934722,
                                                    "children": {
                                                        "_process_vector_observation": {
                                                            "total": 0.00037270000000022563,
                                                            "count": 4,
                                                            "is_parallel": true,
                                                            "self": 0.00037270000000022563
                                                        }
                                                    }
                                                },
                                                "UnityEnvironment.step": {
                                                    "total": 190.9087786999985,
                                                    "count": 11628,
                                                    "is_parallel": true,
                                                    "self": 1.9687251999958448,
                                                    "children": {
                                                        "UnityEnvironment._generate_step_input": {
                                                            "total": 1.6281947000002015,
                                                            "count": 11628,
                                                            "is_parallel": true,
                                                            "self": 1.6281947000002015
                                                        },