{
    "name": "root",
    "metadata": {
        "timer_format_version": "0.1.0",
        "start_time_seconds": "1605555912",
        "python_version": "3.7.9 (tags/v3.7.9:13c94747c7, Aug 17 2020, 18:58:18) [MSC v.1900 64 bit (AMD64)]",
        "command_line_arguments": "C:\\Python37\\Scripts\\mlagents-learn jumper.yml --run-id Jumper-08",
        "mlagents_version": "0.21.0",
        "mlagents_envs_version": "0.21.0",
        "communication_protocol_version": "1.2.0",
        "tensorflow_version": "2.3.1",
        "numpy_version": "1.18.5",
        "end_time_seconds": "1605556101"
    },
    "total": 189.2214671,
    "count": 1,
    "self": 0.031145900000012716,
    "children": {
        "run_training.setup": {
            "total": 0.025767000000000095,
            "count": 1,
            "self": 0.025767000000000095
        },
        "TrainerController.start_learning": {
            "total": 189.1645542,
            "count": 1,
            "self": 0.33988840000054665,
            "children": {
                "TrainerController._reset_env": {
                    "total": 18.5258207,
                    "count": 1,
                    "self": 18.5258207
                },
                "TrainerController.advance": {
                    "total": 169.55984009999946,
                    "count": 6940,
                    "self": 0.16237359999934142,
                    "children": {
                        "env_step": {
                            "total": 169.39746650000012,
                            "count": 6940,
                            "self": 161.22335289999972,
                            "children": {
                                "SubprocessEnvManager._take_step": {
                                    "total": 8.01676710000007,
                                    "count": 6940,
                                    "self": 0.3122620000000751,
                                    "children": {
                                        "TFPolicy.evaluate": {
                                            "total": 7.704505099999995,
                                            "count": 6814,
                                            "self": 7.704505099999995
                                        }
                                    }
                                },
                                "workers": {
                                    "total": 0.15734650000032602,
                                    "count": 6939,
                                    "self": 0.0,
                                    "children": {
                                        "worker_root": {
                                            "total": 111.94366530000056,
                                            "count": 6939,
                                            "is_parallel": true,
                                            "self": 21.272933700000692,
                                            "children": {
                                                "steps_from_proto": {
                                                    "total": 0.0006333000000005029,
                                                    "count": 1,
                                                    "is_parallel": true,
                                                    "self": 0.00032300000000518025,
                                                    "children": {
                                                        "_process_vector_observation": {
                                                            "total": 0.00031029999999532265,
                                                            "count": 4,
                                                            "is_parallel": true,
                                                            "self": 0.00031029999999532265
                                                        }
                                                    }
                                                },
                                                "UnityEnvironment.step": {
                                                    "total": 90.67009829999986,
                                                    "count": 6939,
                                                    "is_parallel": true,
                                                    "self": 1.0535245000008047,
                                                    "children": {
                                                        "UnityEnvironment._generate_step_input": {
                                                            "total": 0.7651713999990619,
                                                            "count": 6939,
                                                            "is_parallel": true,
                                                            "self": 0.7651713999990619
                                                        },
                                                        "communicator.exchange": {
                                                            "total": 85.38140049999993,
                                                            "count": 6939,
                                                            "is_parallel": true,
                                                            "self": 85.38140049999993
                                                        },
                                                        "steps_from_proto": {
                                                            "total": 3.470001900000078,
                                                            "count": 6937,
                                                            "is_parallel": true,
                                                            "self": 1.7482418000014732,
                                                            "children": {
                                                                "_process_vector_observation": {
                                                                    "total": 1.7217600999986047,
                                                                    "count": 27748,
                                                                    "is_parallel": true,
                                                                    "self": 1.7217600999986047
                                                                }
                                                            }
                                                        }
                                                    }
                                                }
                                            }
                                        }
                                    }
                                }
                            }
                        }
                    }
                },
                "TrainerController._save_models": {
                    "total": 0.7390049999999917,
                    "count": 1,
                    "self": 0.03017719999999713,
                    "children": {
                        "RLTrainer._checkpoint": {
                            "total": 0.7088277999999946,
                            "count": 1,
                            "self": 0.7088277999999946
                        }
                    }
                }
            }
        }
    }
}