{
    "name": "root",
    "gauges": {
        "Jumper.Policy.Entropy.mean": {
            "value": 0.6893408298492432,
            "min": 0.6893408298492432,
            "max": 0.6928476095199585,
            "count": 2
        },
        "Jumper.Environment.EpisodeLength.mean": {
            "value": 37.78087649402391,
            "min": 37.52272727272727,
            "max": 37.78087649402391,
            "count": 2
        },
        "Jumper.Policy.ExtrinsicValueEstimate.mean": {
            "value": 0.27915260195732117,
            "min": 0.27915260195732117,
            "max": 0.46314284205436707,
            "count": 2
        },
        "Jumper.Policy.CuriosityValueEstimate.mean": {
            "value": 0.1175384521484375,
            "min": 0.1175384521484375,
            "max": 0.15117226541042328,
            "count": 2
        },
        "Jumper.Environment.CumulativeReward.mean": {
            "value": -0.5192996352795033,
            "min": -0.5446692877938312,
            "max": -0.5192996352795033,
            "count": 2
        },
        "Jumper.Policy.ExtrinsicReward.mean": {
            "value": -0.5192996352795033,
            "min": -0.5446692877938312,
            "max": -0.5192996352795033,
            "count": 2
        },
        "Jumper.Policy.CuriosityReward.mean": {
            "value": 0.006646927459022653,
            "min": 0.0003125357944636102,
            "max": 0.006646927459022653,
            "count": 2
        },
        "Jumper.Losses.ValueLoss.mean": {
            "value": 0.11559606343507767,
            "min": 0.11559606343507767,
            "max": 0.14833946526050568,
            "count": 2
        },
        "Jumper.Losses.PolicyLoss.mean": {
            "value": 0.13967084884643555,
            "min": 0.13967084884643555,
            "max": 0.14315782487392426,
            "count": 2
        },
        "Jumper.Policy.LearningRate.mean": {
            "value": 0.0003000000142492354,
            "min": 0.00029999998514540493,
            "max": 0.0003000000142492354,
            "count": 2
        },
        "Jumper.Policy.Epsilon.mean": {
            "value": 0.20000004768371582,
            "min": 0.20000003278255463,
            "max": 0.20000004768371582,
            "count": 2
        },
        "Jumper.Policy.Beta.mean": {
            "value": 0.004999999422580004,
            "min": 0.004999999422580004,
            "max": 0.004999999422580004,
            "count": 2
        },
        "Jumper.Losses.CuriosityForwardLoss.mean": {
            "value": 0.0077834343537688255,
            "min": 0.0077834343537688255,
            "max": 0.04916977882385254,
            "count": 2
        },
        "Jumper.Losses.CuriosityInverseLoss.mean": {
            "value": 0.6924527287483215,
            "min": 0.6924527287483215,
            "max": 0.6942742466926575,
            "count": 2
        },
        "Jumper.IsTraining.mean": {
            "value": 1.0,
            "min": 1.0,
            "max": 1.0,
            "count": 2
        }
    },
    "metadata": {
        "timer_format_version": "0.1.0",
        "start_time_seconds": "1605609202",
        "python_version": "3.7.9 (tags/v3.7.9:13c94747c7, Aug 17 2020, 18:58:18) [MSC v.1900 64 bit (AMD64)]",
        "command_line_arguments": "C:\\Python37\\Scripts\\mlagents-learn jumper.yml --run-id Jumper-31",
        "mlagents_version": "0.21.0",
        "mlagents_envs_version": "0.21.0",
        "communication_protocol_version": "1.2.0",
        "tensorflow_version": "2.3.1",
        "numpy_version": "1.18.5",
        "end_time_seconds": "1605609363"
    },
    "total": 160.53384340000002,
    "count": 1,
    "self": 0.00853230000004146,
    "children": {
        "run_training.setup": {
            "total": 0.03920860000000026,
            "count": 1,
            "self": 0.03920860000000026
        },
        "TrainerController.start_learning": {
            "total": 160.4861025,
            "count": 1,
            "self": 0.19922519999983024,
            "children": {
                "TrainerController._reset_env": {
                    "total": 65.28259539999999,
                    "count": 1,
                    "self": 65.28259539999999
                },
                "TrainerController.advance": {
                    "total": 94.14610150000014,
                    "count": 4273,
                    "self": 0.09497760000003552,
                    "children": {
                        "env_step": {
                            "total": 94.0511239000001,
                            "count": 4273,
                            "self": 88.89284710000005,
                            "children": {
                                "SubprocessEnvManager._take_step": {
                                    "total": 5.068608300000037,
                                    "count": 4273,
                                    "self": 0.18219929999973772,
                                    "children": {
                                        "TFPolicy.evaluate": {
                                            "total": 4.886409000000299,
                                            "count": 3754,
                                            "self": 4.886409000000299
                                        }
                                    }
                                },
                                "workers": {
                                    "total": 0.08966850000001614,
                                    "count": 4272,
                                    "self": 0.0,
                                    "children": {
                                        "worker_root": {
                                            "total": 96.96259569999911,
                                            "count": 4272,
                                            "is_parallel": true,
                                            "self": 20.845480299999238,
                                            "children": {
                                                "steps_from_proto": {
                                                    "total": 0.002579799999999466,
                                                    "count": 1,
                                                    "is_parallel": true,
                                                    "self": 0.0010469999999926927,
                                                    "children": {
                                                        "_process_vector_observation": {
                                                            "total": 0.0015328000000067732,
                                                            "count": 4,
                                                            "is_parallel": true,
                                                            "self": 0.0015328000000067732
                                                        }
                                                    }
                                                },
                                                "UnityEnvironment.step": {
                                                    "total": 76.11453559999987,
                                                    "count": 4272,
                                                    "is_parallel": true,
                                                    "self": 0.8028112999980408,
                                                    "children": {
                                                        "UnityEnvironment._generate_step_input": {
                                                            "total": 0.6534690000004701,
                                                            "count": 4272,
                                                            "is_parallel": true,
                                                            "self": 0.6534690000004701
                                                        },