{
    "name": "root",
    "gauges": {
        "Jumper.Policy.Entropy.mean": {
            "value": 0.12015055865049362,
            "min": 0.11279738694429398,
            "max": 0.6924158334732056,
            "count": 114
        },
        "Jumper.Environment.EpisodeLength.mean": {
            "value": 111.34117647058824,
            "min": 69.53146853146853,
            "max": 161.23809523809524,
            "count": 114
        },
        "Jumper.Policy.ExtrinsicValueEstimate.mean": {
            "value": -0.18231825530529022,
            "min": -0.3624790608882904,
            "max": 0.024066481739282608,
            "count": 114
        },
        "Jumper.Policy.CuriosityValueEstimate.mean": {
            "value": 0.011022408492863178,
            "min": -0.07834210991859436,
            "max": 0.015966162085533142,
            "count": 114
        },
        "Jumper.Environment.CumulativeReward.mean": {
            "value": -0.44085879431051367,
            "min": -0.6513749785307381,
            "max": -0.20746769347498495,
            "count": 114
        },
        "Jumper.Policy.ExtrinsicReward.mean": {
            "value": -0.44085879431051367,
            "min": -0.6513749785307381,
            "max": -0.20746769347498495,
            "count": 114
        },
        "Jumper.Policy.CuriosityReward.mean": {
            "value": 0.010129969227562149,
            "min": 0.0005792316962100997,
            "max": 0.027685399005819025,
            "count": 114
        },
        "Jumper.Losses.ValueLoss.mean": {
            "value": 0.021648932248353958,
            "min": 0.014975795522332191,
            "max": 0.04550393298268318,
            "count": 114
        },
        "Jumper.Losses.PolicyLoss.mean": {
            "value": 0.13823328912258148,
            "min": 0.1331624686717987,
            "max": 0.14789532124996185,
            "count": 114
        },
        "Jumper.Policy.LearningRate.mean": {
            "value": 0.00029999998514540493,
            "min": 0.00029999998514540493,
            "max": 0.0003000000142492354,
            "count": 114
        },
        "Jumper.Policy.Epsilon.mean": {
            "value": 0.20000003278255463,
            "min": 0.20000001788139343,
            "max": 0.20000004768371582,
            "count": 114
        },
        "Jumper.Policy.Beta.mean": {
            "value": 0.004999999422580004,
            "min": 0.004999999422580004,
            "max": 0.004999999888241291,
            "count": 114
        },
        "Jumper.Losses.CuriosityForwardLoss.mean": {
            "value": 0.005339788738638163,
            "min": 0.004488220438361168,
            "max": 0.04530202969908714,
            "count": 114
        },
        "Jumper.Losses.CuriosityInverseLoss.mean": {
            "value": 0.1250976175069809,
            "min": 0.10798153281211853,
            "max": 0.6943218111991882,
            "count": 114
        },
        "Jumper.IsTraining.mean": {
            "value": 1.0,
            "min": 1.0,
            "max": 1.0,
            "count": 114
        }
    },
    "metadata": {
        "timer_format_version": "0.1.0",
        "start_time_seconds": "1605599564",
        "python_version": "3.7.9 (tags/v3.7.9:13c94747c7, Aug 17 2020, 18:58:18) [MSC v.1900 64 bit (AMD64)]",
        "command_line_arguments": "C:\\Python37\\Scripts\\mlagents-learn jumper.yml --run-id Jumper-26",
        "mlagents_version": "0.21.0",
        "mlagents_envs_version": "0.21.0",
        "communication_protocol_version": "1.2.0",
        "tensorflow_version": "2.3.1",
        "numpy_version": "1.18.5",
        "end_time_seconds": "1605601845"
    },
    "total": 2281.1030465999997,
    "count": 1,
    "self": 0.00864129999990837,
    "children": {
        "run_training.setup": {
            "total": 0.009046800000000133,
            "count": 1,
            "self": 0.009046800000000133
        },
        "TrainerController.start_learning": {
            "total": 2281.0853585,
            "count": 1,
            "self": 5.2205953999846315,
            "children": {
                "TrainerController._reset_env": {
                    "total": 4.9234004,
                    "count": 1,
                    "self": 4.9234004
                },
                "TrainerController.advance": {
                    "total": 2270.520741700015,
                    "count": 151702,
                    "self": 2.238740200044049,
                    "children": {
                        "env_step": {
                            "total": 2268.282001499971,
                            "count": 151702,
                            "self": 2132.829762899928,
                            "children": {
                                "SubprocessEnvManager._take_step": {
                                    "total": 133.170020800047,
                                    "count": 151702,
                                    "self": 4.450674200047075,
                                    "children": {
                                        "TFPolicy.evaluate": {
                                            "total": 128.71934659999994,
                                            "count": 143434,
                                            "self": 128.71934659999994
                                        }
                                    }
                                },
                                "workers": {
                                    "total": 2.282217799996121,
                                    "count": 151701,
                                    "self": 0.0,
                                    "children": {
                                        "worker_root": {
                                            "total": 2272.1342765000145,
                                            "count": 151701,
                                            "is_parallel": true,
                                            "self": 413.8967224000137,
                                            "children": {
                                                "steps_from_proto": {
                                                    "total": 0.0004516000000003295,
                                                    "count": 1,
                                                    "is_parallel": true,
                                                    "self": 0.0001794000000003848,
                                                    "children": {
                                                        "_process_vector_observation": {
                                                            "total": 0.0002721999999999447,
                                                            "count": 4,
                                                            "is_parallel": true,
                                                            "self": 0.0002721999999999447
                                                        }
                                                    }
                                                },
                                                "UnityEnvironment.step": {
                                                    "total": 1858.237102500001,
                                                    "count": 151701,
                                                    "is_parallel": true,
                                                    "self": 20.027586399994334,
                                                    "children": {
                                                        "UnityEnvironment._generate_step_input": {
                                                            "total": 16.373372099972507,
                                                            "count": 151701,
                                                            "is_parallel": true,
                                                            "self": 16.373372099972507
                                                        },