{
    "name": "root",
    "gauges": {
        "Jumper.Policy.Entropy.mean": {
            "value": 0.48202502727508545,
            "min": 0.48180681467056274,
            "max": 0.6926575899124146,
            "count": 132
        },
        "Jumper.Environment.EpisodeLength.mean": {
            "value": 65.64137931034483,
            "min": 60.2037037037037,
            "max": 83.45762711864407,
            "count": 132
        },
        "Jumper.Policy.ExtrinsicValueEstimate.mean": {
            "value": -0.401711642742157,
            "min": -0.46217355132102966,
            "max": -0.1568446010351181,
            "count": 132
        },
        "Jumper.Policy.CuriosityValueEstimate.mean": {
            "value": 0.016805054619908333,
            "min": -0.7025755643844604,
            "max": 0.020114809274673462,
            "count": 132
        },
        "Jumper.Environment.CumulativeReward.mean": {
            "value": -0.6715666512648265,
            "min": -0.692436697739589,
            "max": -0.581203365982589,
            "count": 132
        },
        "Jumper.Policy.ExtrinsicReward.mean": {
            "value": -0.6715666512648265,
            "min": -0.692436697739589,
            "max": -0.581203365982589,
            "count": 132
        },
        "Jumper.Policy.CuriosityReward.mean": {
            "value": 0.012315543155829497,
            "min": 0.0002073025576875455,
            "max": 0.018305036329843847,
            "count": 132
        },
        "Jumper.Losses.ValueLoss.mean": {
            "value": 0.019145015627145767,
            "min": 0.015839384868741035,
            "max": 0.05198653042316437,
            "count": 132
        },
        "Jumper.Losses.PolicyLoss.mean": {
            "value": 0.14418849349021912,
            "min": 0.13228076696395874,
            "max": 0.1496691256761551,
            "count": 132
        },
        "Jumper.Policy.LearningRate.mean": {
            "value": 0.0003000000142492354,
            "min": 0.00029999998514540493,
            "max": 0.0003000000142492354,
            "count": 132
        },
        "Jumper.Policy.Epsilon.mean": {
            "value": 0.20000004768371582,
            "min": 0.20000001788139343,
            "max": 0.20000004768371582,
            "count": 132
        },
        "Jumper.Policy.Beta.mean": {
            "value": 0.004999999422580004,
            "min": 0.004999999422580004,
            "max": 0.004999999888241291,
            "count": 132
        },
        "Jumper.Losses.CuriosityForwardLoss.mean": {
            "value": 0.008903222158551216,
            "min": 0.004799669608473778,
            "max": 0.05109682306647301,
            "count": 132
        },
        "Jumper.Losses.CuriosityInverseLoss.mean": {
            "value": 0.47773292660713196,
            "min": 0.47773292660713196,
            "max": 0.6937370896339417,
            "count": 132
        },
        "Jumper.IsTraining.mean": {
            "value": 1.0,
            "min": 1.0,
            "max": 1.0,
            "count": 132
        }
    },
    "metadata": {
        "timer_format_version": "0.1.0",
        "start_time_seconds": "1605603664",
        "python_version": "3.7.9 (tags/v3.7.9:13c94747c7, Aug 17 2020, 18:58:18) [MSC v.1900 64 bit (AMD64)]",
        "command_line_arguments": "C:\\Python37\\Scripts\\mlagents-learn jumper.yml --run-id Jumper-29",
        "mlagents_version": "0.21.0",
        "mlagents_envs_version": "0.21.0",
        "communication_protocol_version": "1.2.0",
        "tensorflow_version": "2.3.1",
        "numpy_version": "1.18.5",
        "end_time_seconds": "1605606362"
    },
    "total": 2698.146075,
    "count": 1,
    "self": 0.009133300000030431,
    "children": {
        "run_training.setup": {
            "total": 0.011712200000000283,
            "count": 1,
            "self": 0.011712200000000283
        },
        "TrainerController.start_learning": {
            "total": 2698.1252295,
            "count": 1,
            "self": 5.585938199959855,
            "children": {
                "TrainerController._reset_env": {
                    "total": 10.3704344,
                    "count": 1,
                    "self": 10.3704344
                },
                "TrainerController.advance": {
                    "total": 2681.8271962000404,
                    "count": 180669,
                    "self": 2.608708600078444,
                    "children": {
                        "env_step": {
                            "total": 2679.218487599962,
                            "count": 180669,
                            "self": 2530.353725800009,
                            "children": {
                                "SubprocessEnvManager._take_step": {
                                    "total": 146.21379369997825,
                                    "count": 180669,
                                    "self": 5.052456599935141,
                                    "children": {
                                        "TFPolicy.evaluate": {
                                            "total": 141.1613371000431,
                                            "count": 166234,
                                            "self": 141.1613371000431
                                        }
                                    }
                                },
                                "workers": {
                                    "total": 2.650968099974385,
                                    "count": 180668,
                                    "self": 0.0,
                                    "children": {
                                        "worker_root": {
                                            "total": 2683.5789951000475,
                                            "count": 180668,
                                            "is_parallel": true,
                                            "self": 505.5565454000298,
                                            "children": {
                                                "steps_from_proto": {
                                                    "total": 0.0006828999999992647,
                                                    "count": 1,
                                                    "is_parallel": true,
                                                    "self": 0.0003166000000014435,
                                                    "children": {
                                                        "_process_vector_observation": {
                                                            "total": 0.00036629999999782115,
                                                            "count": 4,
                                                            "is_parallel": true,
                                                            "self": 0.00036629999999782115
                                                        }
                                                    }
                                                },
                                                "UnityEnvironment.step": {
                                                    "total": 2178.0217668000178,
                                                    "count": 180668,
                                                    "is_parallel": true,
                                                    "self": 23.15895090005006,
                                                    "children": {
                                                        "UnityEnvironment._generate_step_input": {
                                                            "total": 18.685939899994814,
                                                            "count": 180668,
                                                            "is_parallel": true,
                                                            "self": 18.685939899994814
                                                        },