{
    "name": "root",
    "gauges": {
        "Jumper.Policy.Entropy.mean": {
            "value": 0.252214640378952,
            "min": 0.189845472574234,
            "max": 0.2953609824180603,
            "count": 384
        },
        "Jumper.Policy.ExtrinsicValueEstimate.mean": {
            "value": 0.21741697192192078,
            "min": -0.37609708309173584,
            "max": 0.23426255583763123,
            "count": 384
        },
        "Jumper.Policy.CuriosityValueEstimate.mean": {
            "value": 0.005914452485740185,
            "min": 0.005255337338894606,
            "max": 0.008741665631532669,
            "count": 384
        },
        "Jumper.Environment.EpisodeLength.mean": {
            "value": 999.0,
            "min": 245.0,
            "max": 999.0,
            "count": 384
        },
        "Jumper.Environment.CumulativeReward.mean": {
            "value": 2.3753751507028937,
            "min": -0.37999992817640305,
            "max": 2.4186001524329184,
            "count": 384
        },
        "Jumper.Policy.ExtrinsicReward.mean": {
            "value": 2.3753751507028937,
            "min": -0.37999992817640305,
            "max": 2.4186001524329184,
            "count": 384
        },
        "Jumper.Policy.CuriosityReward.mean": {
            "value": 0.051342235776246525,
            "min": 0.0,
            "max": 0.1573041134873744,
            "count": 384
        },
        "Jumper.IsTraining.mean": {
            "value": 1.0,
            "min": 1.0,
            "max": 1.0,
            "count": 384
        },
        "Jumper.Losses.ValueLoss.mean": {
            "value": 2.654623858688865e-05,
            "min": 2.355656397412531e-05,
            "max": 0.0115590151399374,
            "count": 383
        },
        "Jumper.Losses.PolicyLoss.mean": {
            "value": 0.13956964015960693,
            "min": 0.06210741773247719,
            "max": 0.15520644187927246,
            "count": 383
        },
        "Jumper.Policy.LearningRate.mean": {
            "value": 0.00029999998514540493,
            "min": 0.00029999998514540493,
            "max": 0.0003000000142492354,
            "count": 383
        },
        "Jumper.Policy.Epsilon.mean": {
            "value": 0.20000004768371582,
            "min": 0.20000001788139343,
            "max": 0.20000004768371582,
            "count": 383
        },
        "Jumper.Policy.Beta.mean": {
            "value": 0.004999999888241291,
            "min": 0.004999999422580004,
            "max": 0.004999999888241291,
            "count": 383
        },
        "Jumper.Losses.CuriosityForwardLoss.mean": {
            "value": 0.002852438250556588,
            "min": 0.002453642664477229,
            "max": 0.0066307527013123035,
            "count": 383
        },
        "Jumper.Losses.CuriosityInverseLoss.mean": {
            "value": 0.2361546903848648,
            "min": 0.1889232099056244,
            "max": 0.2957456409931183,
            "count": 383
        }
    },
    "metadata": {
        "timer_format_version": "0.1.0",
        "start_time_seconds": "1605629120",
        "python_version": "3.7.9 (tags/v3.7.9:13c94747c7, Aug 17 2020, 18:58:18) [MSC v.1900 64 bit (AMD64)]",
        "command_line_arguments": "C:\\Python37\\Scripts\\mlagents-learn jumper.yml --run-id Jumper-34 --resume",
        "mlagents_version": "0.21.0",
        "mlagents_envs_version": "0.21.0",
        "communication_protocol_version": "1.2.0",
        "tensorflow_version": "2.3.1",
        "numpy_version": "1.18.5",
        "end_time_seconds": "1605636553"
    },
    "total": 7433.3324481,
    "count": 1,
    "self": 0.3131152000005386,
    "children": {
        "run_training.setup": {
            "total": 0.00915379999999999,
            "count": 1,
            "self": 0.00915379999999999
        },
        "TrainerController.start_learning": {
            "total": 7433.0101791,
            "count": 1,
            "self": 13.836390600265077,
            "children": {
                "TrainerController._reset_env": {
                    "total": 4.5685214,
                    "count": 1,
                    "self": 4.5685214
                },
                "TrainerController.advance": {
                    "total": 7414.213822099735,
                    "count": 482915,
                    "self": 7.25113869994675,
                    "children": {
                        "env_step": {
                            "total": 7406.962683399788,
                            "count": 482915,
                            "self": 6958.011408899464,
                            "children": {
                                "SubprocessEnvManager._take_step": {
                                    "total": 441.73531640010344,
                                    "count": 482915,
                                    "self": 14.654095599993639,
                                    "children": {
                                        "TFPolicy.evaluate": {
                                            "total": 427.0812208001098,
                                            "count": 479973,
                                            "self": 427.0812208001098
                                        }
                                    }
                                },
                                "workers": {
                                    "total": 7.215958100220299,
                                    "count": 482914,
                                    "self": 0.0,
                                    "children": {
                                        "worker_root": {
                                            "total": 7415.959346299791,
                                            "count": 482914,
                                            "is_parallel": true,
                                            "self": 1190.6962007999464,
                                            "children": {
                                                "steps_from_proto": {
                                                    "total": 0.0008505999999997016,
                                                    "count": 1,
                                                    "is_parallel": true,
                                                    "self": 0.0002990999999994415,
                                                    "children": {
                                                        "_process_vector_observation": {
                                                            "total": 0.0005515000000002601,
                                                            "count": 4,
                                                            "is_parallel": true,
                                                            "self": 0.0005515000000002601
                                                        }
                                                    }
                                                },
                                                "UnityEnvironment.step": {
                                                    "total": 6225.262294899844,
                                                    "count": 482914,
                                                    "is_parallel": true,
                                                    "self": 62.92741929941258,
                                                    "children": {
                                                        "UnityEnvironment._generate_step_input": {
                                                            "total": 54.17405870017509,
                                                            "count": 482914,
                                                            "is_parallel": true,
                                                            "self": 54.17405870017509
                                                        },