{
    "name": "root",
    "metadata": {
        "timer_format_version": "0.1.0",
        "start_time_seconds": "1605560398",
        "python_version": "3.7.9 (tags/v3.7.9:13c94747c7, Aug 17 2020, 18:58:18) [MSC v.1900 64 bit (AMD64)]",
        "command_line_arguments": "C:\\Python37\\Scripts\\mlagents-learn jumper.yml --run-id Jumper-20",
        "mlagents_version": "0.21.0",
        "mlagents_envs_version": "0.21.0",
        "communication_protocol_version": "1.2.0",
        "tensorflow_version": "2.3.1",
        "numpy_version": "1.18.5",
        "end_time_seconds": "1605560457"
    },
    "total": 58.610829900000006,
    "count": 1,
    "self": 0.010620900000006372,
    "children": {
        "run_training.setup": {
            "total": 0.016915000000000013,
            "count": 1,
            "self": 0.016915000000000013
        },
        "TrainerController.start_learning": {
            "total": 58.583294,
            "count": 1,
            "self": 0.1606766999999678,
            "children": {
                "TrainerController._reset_env": {
                    "total": 9.9555115,
                    "count": 1,
                    "self": 9.9555115
                },
                "TrainerController.advance": {
                    "total": 47.86092530000003,
                    "count": 3599,
                    "self": 0.07543089999998642,
                    "children": {
                        "env_step": {
                            "total": 47.78549440000004,
                            "count": 3599,
                            "self": 43.875627499999844,
                            "children": {
                                "SubprocessEnvManager._take_step": {
                                    "total": 3.8402356999999263,
                                    "count": 3599,
                                    "self": 0.14781579999969807,
                                    "children": {
                                        "TFPolicy.evaluate": {
                                            "total": 3.6924199000002282,
                                            "count": 3530,
                                            "self": 3.6924199000002282
                                        }
                                    }
                                },
                                "workers": {
                                    "total": 0.06963120000026812,
                                    "count": 3598,
                                    "self": 0.0,
                                    "children": {
                                        "worker_root": {
                                            "total": 49.86989849999989,
                                            "count": 3598,
                                            "is_parallel": true,
                                            "self": 10.976824099999902,
                                            "children": {
                                                "steps_from_proto": {
                                                    "total": 0.0005304999999999893,
                                                    "count": 1,
                                                    "is_parallel": true,
                                                    "self": 0.00027130000000052945,
                                                    "children": {
                                                        "_process_vector_observation": {
                                                            "total": 0.00025919999999945986,
                                                            "count": 4,
                                                            "is_parallel": true,
                                                            "self": 0.00025919999999945986
                                                        }
                                                    }
                                                },
                                                "UnityEnvironment.step": {
                                                    "total": 38.892543899999986,
                                                    "count": 3598,
                                                    "is_parallel": true,
                                                    "self": 0.5133969000001244,
                                                    "children": {
                                                        "UnityEnvironment._generate_step_input": {
                                                            "total": 0.36722699999981323,
                                                            "count": 3598,
                                                            "is_parallel": true,
                                                            "self": 0.36722699999981323
                                                        },
                                                        "communicator.exchange": {
                                                            "total": 36.30547140000003,
                                                            "count": 3598,
                                                            "is_parallel": true,
                                                            "self": 36.30547140000003
                                                        },
                                                        "steps_from_proto": {
                                                            "total": 1.706448600000014,
                                                            "count": 3598,
                                                            "is_parallel": true,
                                                            "self": 0.8379495000003523,
                                                            "children": {
                                                                "_process_vector_observation": {
                                                                    "total": 0.8684990999996618,
                                                                    "count": 14392,
                                                                    "is_parallel": true,
                                                                    "self": 0.8684990999996618
                                                                }
                                                            }
                                                        }
                                                    }
                                                }
                                            }
                                        }
                                    }
                                }
                            }
                        }
                    }
                },
                "trainer_threads": {
                    "total": 3.990000000442251e-05,
                    "count": 1,
                    "self": 3.990000000442251e-05,
                    "children": {
                        "thread_root": {
                            "total": 0.0,
                            "count": 0,
                            "is_parallel": true,
                            "self": 0.0,
                            "children": {
                                "trainer_advance": {
                                    "total": 47.23108840000057,
                                    "count": 23493,
                                    "is_parallel": true,
                                    "self": 1.4921790000002986,
                                    "children": {
                                        "process_trajectory": {
                                            "total": 45.738909400000274,
                                            "count": 23493,
                                            "is_parallel": true,